DAB014795	newdb	R5X4	CTRPSNNTRTRVTLGPGRVWYRTGEIIGDIRKAYC
DAF021613	newdb	R5X4	CTRPNNNTRRRIHIGPGRAVYTTRRIIGDIRKAYC
DAF021616	newdb	R5X4	CTRPNNNTRRRIHIGPGRAVYTTRQIIGDIRKAYC
DAF035532	newdb	R5X4	CTRPNNNIRKRIHIGPGRAFYTTGQIIGNIRQAHC
DAF062027	newdb	R5X4	CTRPSNNTRTSMTIGPGQVFYRTGDIIGDIRKAYC
DAF062029	newdb	R5X4	CTRPSNNTRTSLKIGPGQVFYRTGDIIGNIRAAYC
DAF062031	newdb	R5X4	CTRPSNNTRISMTMGPGQVFYRTGDIIGDIRKAYC
DAF062033	newdb	R5X4	CTRPSNNTRTSMTIGPGQVFYRTGDIIGDPRKAYC
DAF071473	newdb	R5X4	CTRPNNNTRKSVHMGPGKVFYATGDIIGDIRQAHC
DAF082371	newdb	R5X4	CTRPKNNTRRSIHIGPGGAFYTTGDIIGAIRQAYC
DAF107771	newdb	R5X4	CTRPNNNTRKSIRIGPGQAFYGMGDIIGDIRKAHC
DAF192135	newdb	R5X4	CVRPANNTRKGIHTGPGQVLYATGAVVGDIRQAHC
DAF258978	newdb	R5X4	CTRPNNNTRKGIHLGPGRALYATGGIVGDIRQAHC
DAF286365	newdb	R5X4	CTRPGNKIRRRIHIGPGRAFYTDRVGDIRQAYC
DAF310116	newdb	R5X4	CTRPNNNTRKSIRMGIRRAFYTREIIGDIRQAHC
DAF310117	newdb	R5X4	CTRPNNNTRKSIHVGPGKALYTGEIIGDIRQAHC
DAF310118	newdb	R5X4	CTRPNNNTIKSIRMGIRRAFYTREIIGDIRQAHC
DAF310122	newdb	R5X4	CTRPNNNTRKSIHMGPGKALYTGEIIGDIRQAHC
DAF310129	newdb	R5X4	CTRPNNNTRKHIHLGARKAFYTGEIIGDIRQAHC
DAF310130	newdb	R5X4	CTRPNNNTRKHIHLGAGKAFYTGEIIGDIRQAHC
DAF355334	newdb	R5X4	CTRPGNNTRRRMRIGPGYFYTKRIIGDIRQAHC
DAF355690	newdb	R5X4	CTRPSNNIRTSTRIGPGQVFYRTGSITGDIRKAYC
DAF355692	newdb	R5X4	CTRPSNKIRTSFRIGPGQVFYKTGDITGDIRKAYC
DAF457052	newdb	R5X4	CTRPNNNTRRGVHIGLGRRFYTTQVVGDIRQAYC
DAJ320484	newdb	R5X4	CTRPYYNQIRQRTSIGQGQALYTTRVTGDIRKAYC
DAJ810478	newdb	R5X4	CTRPNNNTRKRITMGPGRVYYTTGEIIGDIRKAHC
DAM279357	newdb	R5X4	CTRPNNNTRRGIYIGPGKTFYATDKIIGNIRQAHC
DAY043174	newdb	R5X4	CTRPGNNTRKSIRIGPGQAFYTNHIIGDIRQAYC
DAY265930	newdb	R5X4	CIRPGNNTSKSIRIGQRRPVYVHKIIGDIRQAHC
DAY265931	newdb	R5X4	CTRPGNNTRTSIRIGPGQTFYTSKVIGDIRQAHC
DAY265932	newdb	R5X4	CTRPSNNTRKSARIGVGPGQAFYAIKKIIGDIRQAHC
DAY265945	newdb	R5X4	CTRPGNNTRRSVRIGPGQSFHATGTIIGDIRQAHC
DAY265950	newdb	R5X4	CTRPGNNTRKGLRIGPGRTIYATEVTVGDIRQAYC
DAY372238	newdb	R5X4	CIRPNNNTRKGIHLGPGQAFYATGEIVGDIRQAYC
DAY426126	newdb	R5X4	CTRPNNNTRKSIHIGPRRAFYTTGEIIGDIRQAHC
DAY426127	newdb	R5X4	CTRPSNNTRKSIHIGPRRAFYTTGEIIGDIRQAHC
DAY529674	newdb	R5X4	CTRPNNNTRKSVRIGIGRGLSFYTTGKVLGNIRQAHC
DAY619930	newdb	R5X4	CTRPYYTKRASVRIGLGQAFHRTKEIVGDIRRAYC
DAY713406	newdb	R5X4	CTRPYNNTFRRVRIGPGQSFHASDNIVGDIRKAHC
DAY713420	newdb	R5X4	CTRPFTYTRTRMTIGPGHVFYRTGDIVGDIRKAYC
DAY736809	newdb	R5X4	CTRPNNNTRKGVHIGLGRRFYTTQVVGDIRQAYC
DAY842787	newdb	R5X4	CTRPNNNTRKRITAGPGRVLYTTGEIIGDIRRAHC
DAY842790	newdb	R5X4	CTRPNNNTRKSIHMGPGRVLYTTGGIIGDIRQAHC
DAY842795	newdb	R5X4	CTRPNNNTRRRITTGPGRVLYTTGQIIGDIRRAHC
DAY842823	newdb	R5X4	CTRPYNIEKRITRGPGRVIYSTGNIIGDIKKAHC
DAY887869	newdb	R5X4	CVRPNNHTRRRIGIGPGRTLYATGEIIGDIRQAHC
DD34590	newdb	R5X4	CTRPNNNTRKSITIGSGRAFHAIEKIIGNIRQAHC
DDQ061465	newdb	R5X4	CTRPNNNTRKGIYIGPGRAFYTTGKIIGDIRKAHC
DDQ061466	newdb	R5X4	CTRPNNNTRKGIYIGPGRAFYTTGRIIGDIRKAHC
DDQ061467	newdb	R5X4	CTRPSNNTRKGIHIGPGRAFYTTGEIIGDIRKAHC
DDQ061469	newdb	R5X4	CTRPSNNTRKGIHIGSGRAFYTTGEIIGDIRKAHC
DDQ061470	newdb	R5X4	CTRPNNNTRKGIHIGPGRAFYATEKIIGDIRKAHC
DDQ061471	newdb	R5X4	CTRPSNNTRKSIHIGPGRAFYTTGEIIGDIRKAHC
DDQ061473	newdb	R5X4	CTRPNNNTRKGIYIGPGRAFYTTEKIIGDIRKAHC
DDQ061475	newdb	R5X4	CTRPSNNTRKSIHIGPGRAFYATGEIIGDIRKAHC
DDQ061626	newdb	R5X4	CMRPNNNTRKSIPIGPGRAFYATGEIIGDIRQAHC
DDQ061630	newdb	R5X4	CMRPNNNTRKSITIGPGRAFYTTGEIIGDIRQAHR
DDQ061631	newdb	R5X4	CMRPNNNTRKRITMGPGRVFYTTGEIIGDIRKAHC
DDQ061634	newdb	R5X4	CMRPNNNTRKSIHIGPGSAFYTTGEIIGDIRQAYC
DDQ061635	newdb	R5X4	RMRPNNNTRKSIHIGPGSAFYTTGEIIGDIRKAHC
DDQ061636	newdb	R5X4	CMRPNNNTRKSIHIGPGSAFYTTGEIIGDIRKAHC
DDQ061637	newdb	R5X4	CMRPNNNTRKSIAIGPGRAFYTTGEIIGDIRKAHC
DDQ061640	newdb	R5X4	CMRPNNNTRKSIHIGPGSAFYTTGEIIGDIRQAHC
DDQ061642	newdb	R5X4	CMRPNNNTRKSITIRPRRAFYTTGEIIGDIRQAHC
DDQ061643	newdb	R5X4	CMRPNNNTRKRITMGPGGVLYTTGEIIGDIRKAHC
DDQ061644	newdb	R5X4	CTRPGTKTRRLIHIGPGRAFYTTDRIGDIRQAHC
DDQ061645	newdb	R5X4	CTRPSNNTRKSIHIAPGSAIYTTDIIGDIRQAHC
DDQ061646	newdb	R5X4	CTRPGNNTRRSIHIGPGRAFYTTDIIGDIRKAHC
DDQ061647	newdb	R5X4	CTRPGNNTRRSIHIGPGRAFYTTDIIGDIRQAHC
DDQ061648	newdb	R5X4	CTRPGTKTRRLIHIGPGRAFYTTDRIGDIRLAHC
DDQ061649	newdb	R5X4	CTRPGTKTRRRIHIGPGRAFYTTDRIGDIRQAHC
DDQ061650	newdb	R5X4	CTRPGTKIRRRIHIGPGRAFYTTDRIGDIRQAHC
DDQ061652	newdb	R5X4	CTRPGNNTRKSIHIGPGRAFYTTDIIGDIRKAHC
DDQ061655	newdb	R5X4	CTRPGTKTIRHMHIGPGRAFYTTDRGDIRQAHC
DDQ061657	newdb	R5X4	CTRPGTKTMRHMHIGPGRAFCTTDRIDIRQAHC
DDQ061658	newdb	R5X4	CTRPGNNTRKSIHIGPGRAFYTTDIIGDIRQAHC
DDQ061659	newdb	R5X4	CTRPGNNTRRSIHMGPGKAFYTTDIIGDIRKAYC
DDQ061660	newdb	R5X4	CTRPGTKTMRHLHIGPGRAFYTTGKIIGDIRQAHC
DDQ061661	newdb	R5X4	CTRPGTKTMRHMHIGPGRAFYTTDRIGDIRQAHC
DDQ061673	newdb	R5X4	CTRPNNNTRKSIHIGPGKAFYGTDIIGEIRQAHC
DDQ177197	newdb	R5X4	CTRPSNNTRKSLTIGPGQVFYRTGDIIGDIRQAYC
DDQ177203	newdb	R5X4	CIRPNNNTRKRVTMGPGRVYYTTGDIIGDIRQAHC
DDQ177211	newdb	R5X4	CIRPNNNTRKRIYIGPGRAVYTTRAIIGDIRQAHC
DDQ358756	newdb	R5X4	CTRPNNNTVKRIRIGPGRTYYAAGKIIGDIRQAHC
DDQ358775	newdb	R5X4	CTRPNNNTRKSIPVGFGRVLYATGNIIGDIRQAHC
DDQ358776	newdb	R5X4	CTRPNNNTRKSIPVGFGRVLYATGKIIGNIRQAHC
DDQ382373	newdb	R5X4	CARPNNNTRKHVRIGIGRGQTFYATGAIIGDIRQAHC
DDQ382379	newdb	R5X4	CTRPSNNTRKRIRVGPGQTVYATDAIIGDIRQAHC
DDQ516125	newdb	R5X4	CTRPNNYTRKGIRTGPGRAFYVTKTIGDIKQAHC
DDQ516130	newdb	R5X4	CTRPNNNTRKGIRTGPGRAFYVTKTIGDVRQAHC
DDQ516132	newdb	R5X4	CTRPNNYTRKGIRTGPGRAFYVTKTIGDPRQAHC
DDQ516141	newdb	R5X4	CTRPNNYTRRGIRTGPGRAFYVTKRIGDVKQAHC
DDQ516142	newdb	R5X4	CTRPNNYTRKGIRTGPGRAFYVTKRIGDVKQAHC
DDQ516147	newdb	R5X4	CTRPNNNTNRGIHIGPGRAFYATERIIGNIRQAHC
DDQ516168	newdb	R5X4	CIRPNNNTRRDIHIGPGRAFYAAGDIIGDIRQAHC
DDQ516188	newdb	R5X4	CIRPNNNTRKGIRIGPGRAIYTTGRIIGDIRQAHC
DDQ516195	newdb	R5X4	CIRPNNNTRKGIRIGPGRAIYTTGRIIGNIRQAHC
DDQ516199	newdb	R5X4	CTRPNNYTRKGIRIGPGRAIYTTGRIIGDIRQAHC
DDQ516200	newdb	R5X4	CTGPNNYTRKGIRIGPGRAIYTTGRIIGDIRQAHC
DDQ516205	newdb	R5X4	CTRPNNNTRKGIRIGPGRAIYTTGRIIGDIRQAHC
DDQ516254	newdb	R5X4	CTRPNNNTRKGIHLGPGRAFYTTGGIIGDIRQAHC
DDQ516267	newdb	R5X4	CTRPNNNTRKSIHMGPGKAFYTTGQIIGDIRQAHC
DDQ516270	newdb	R5X4	CTRPNNNTRKSIHMGPGKAYYTTGQIIGDIRQAHC
DDQ516314	newdb	R5X4	CTRPNNNTRKSIHMGPGRFFHTTKAIIGDIRQAHC
DDQ516320	newdb	R5X4	CTRPNNNTRKRIHMGPGRSFHTTEAIIGDIRQAHC
DDQ516321	newdb	R5X4	CTRPNNNTRKRIHMGPGRYVHTTKAIIGDIRQAHC
DDQ516322	newdb	R5X4	CTRPNNNTRRRIHMGPGRYVHTTKAIIGDIRQAHC
DDQ516324	newdb	R5X4	CTRPNNNTKRRIHMGPGRYVHTTKAIIGDIRQAHC
DDQ825459	newdb	R5X4	CTRPNNNTRRSLRIGPGRTFYAAGKIIGDIRQAHC
DDQ869027	newdb	R5X4	CTRPNEYRTRRIHIGPGRAFVTTKSITGDIRQAYC
DDQ904339	newdb	R5X4	CTRPNSNKRRGVRIGPGLSFFATRKIIGDIRQAHC
DDQ904340	newdb	R5X4	CTRPGNNTRKSIRIGPGQAFYTNHIIGDIRQAHC
DDQ904341	newdb	R5X4	CTRPGNKTRRSIRIGPGQAFYTTNTIGDIRQASC
DEF575354	newdb	R5X4	CTRPYNNTIQSTRIGPGQAFYTSGRIIGDIRKAHC
DEF575355	newdb	R5X4	CTRPYEIRRQRTSIGQGQAFHTHLKITGDIRQAYC
DEF575356	newdb	R5X4	CSRPYESKRQRTSIGQGQALHTHLKITGDIRQAYC
DEF575357	newdb	R5X4	CTRPYDIRRQRTSIGQGQALHTHLKITGDIRQAYC
DEF575359	newdb	R5X4	CTRPYDIKRQRTSIGQGQAFHTHLKITGDIRKAYC
DEF575360	newdb	R5X4	CTRPYNNTIQSTRIGPGQAFYTSGRIIGDIRQAHC
DEF575362	newdb	R5X4	CSRPYNIRRQRTSIGQGQAFHTHLKITGDIRQAYC
DEF575363	newdb	R5X4	CTRPYNNTIQSTRIGPGQAFYTSGQIIGDIRRAHC
DEF575366	newdb	R5X4	CTRPYDIRRQRTSIGQGQALHTHLKITGDIRKAYC
DEF575370	newdb	R5X4	CTRPYNNTRQGTHIGPGQALFTTTRIVGDIRQAHC
DEF575371	newdb	R5X4	CSRPYNNTRQGTHIGPGQALFTTTRIVGDIRQAHC
DEF575372	newdb	R5X4	CLRPYNNTRQGTHIGPGQALFTTTRIIGDIRQAHC
DEF575373	newdb	R5X4	CSRPYNNTRQGTHIGPGQALFTATRIVGDIRQAHC
DEF575374	newdb	R5X4	CSRPYNNTRQGTHIGPGQALYTATRIVGDIRQAHC
DEF575375	newdb	R5X4	CTRPNYNTRKAIHTGPGQGQAVYTAAKIVGNIRQAHC
DEF575384	newdb	R5X4	CTRPYNNTRQSTHIGPGQSLFTTKVIGDIRQAYC
DEF575386	newdb	R5X4	CTRPYRSEIRRTSIGLGQSLVTQKVTKNIKQAQC
DEF575388	newdb	R5X4	CTRPYNNTRQSTHIGPGQALFTTKVIGDIRQAHC
DEF575391	newdb	R5X4	CTRPYRSGIQRTSIGLGQSIVTQKVTTTDIRQARC
DEF575397	newdb	R5X4	CTRPYNNTRQSTHIGPGQSLFTTKVVGDIRQAYC
DEF575400	newdb	R5X4	CTRPYSNTRKGVHVGHVGPGRAFWTQNIVGNIRHAHC
DEF575404	newdb	R5X4	CTRPYNNTRQGIHVGPGRAYWTQNIVGNIRHAHC
DEF575406	newdb	R5X4	CTRPYNNTRTGVHVGPGRAYWTQNIVGNIRHAHC
DEF575409	newdb	R5X4	CTRPYSNTRKGIHVGHVGPGRAFWTQNIVGNIRHAHC
DEF575414	newdb	R5X4	CTRPYNNTRQGVHLGPGRAYYTYATRIIGNIRRAYC
DEF575415	newdb	R5X4	CSRPYKNIRQGIYTGPGRGQAYYTTNLQGRKVRPAHC
DEF575425	newdb	R5X4	CSRPYKNIRQGIYTGPGRGQAYYTINLKGKQVRPAHC
DEF575429	newdb	R5X4	CTRPYNNTRRGTHIGPGQAYFTTKIIGDIRQAHC
DEF575430	newdb	R5X4	CTRPYNNTRRGTHIGPGQAYFTTKIIGDVRQAHC
DEF575431	newdb	R5X4	CARPYNNTRRGTHIGPGQAYFTTKIIGDIRQAHC
DEF575432	newdb	R5X4	CTRPYNNTRRGTHIGPGQAYFTTEIIGDIRQAHC
DEF575434	newdb	R5X4	CTRPYRNIRRGTPIGLGQVYFTTNITGYKGQAHC
DEF575439	newdb	R5X4	CTRPYNNTRRGTHIGPGQAYFTTNIIGDIRQAYC
DEF575444	newdb	R5X4	CIRPYNNTRQSTHIGPGQALYTTRIIGDIRQAHC
DEF575445	newdb	R5X4	CTRPYNNTRQSTHIGPGQALYTTRIIGDIRQAYC
DEF575447	newdb	R5X4	CTRPYTYTRQRTPIGLGQALYTTRNIGVGVKGRPHC
DEF575448	newdb	R5X4	CTRPYNNTRQSTHIGPGQALYTTRIIGDIRQAHC
DEF575455	newdb	R5X4	CIRPNNNTRQGTHLGPGQALFTTAKIIGDIRKAHC
DEF575456	newdb	R5X4	CTRPNNNTRQSTPIGPGQALYTTRRIIGDIRHAYC
DEF575457	newdb	R5X4	CTRPNNNTRQSTPIGPGQALYTTRRIIGDIRQAYC
DEF575458	newdb	R5X4	CIRPNNNTRQSTPIGPGQALYTTRRIIGDIRQAYC
DEF575459	newdb	R5X4	CIRPSNNTRQGTHLGPGQALFTTAKIIGDIRKAHC
DEF575465	newdb	R5X4	CIRPNNNTRKGIHLGPGRALFTTTRIIGDIRRAHC
DEF575468	newdb	R5X4	CIRPNNNTRKGIHVGPGRALFTTTKIIGDIRKAHC
DEF575469	newdb	R5X4	CIRPNDNTRQGTHLGPGQALFTTAKIIGDIRKAHC
DEF575470	newdb	R5X4	CTRPNNNTRQSTHLGPGQALFTTTKIIGDIRQAHC
DEF575471	newdb	R5X4	CTRPNNNTRQGVHLGPGQALFTTDVIGDIRQAYC
DEF575474	newdb	R5X4	CTRPNNNTRKGVHLGPGQALFTTDIIGDIRQAHC
DEF575477	newdb	R5X4	CTRPNNNTRQGVHLGPGQALFTTNVIGDIRQAHC
DEF575480	newdb	R5X4	CTRPNNNTRQSVHLGPGQALYTTTGIIGDIRQAHC
DEF575481	newdb	R5X4	CTRPNNNTRQGVHLGPGQALFTTDVIGNIRQAYC
DEF575482	newdb	R5X4	CTRPNNNTRQGVHLGPGQALYTTKEIIGDIRQAHC
DEF688432	newdb	R5X4	CTRPGNNTRKSIPMGPGRAIYATGRIIGDIRQAHC
DEF688434	newdb	R5X4	CTRPNNNTRRDIPMGPGRAYFAATDIIGNIRQAHC
DEF688441	newdb	R5X4	CTRPNNNTRKSITMGPGKVFYATDIIGDIRQAHC
DEF688442	newdb	R5X4	CTRPNNNTEKRVSMGPGRVWYTTGRIVGNIRQAHC
DEU272208	newdb	R5X4	CTRPNNNTRKSIHLGQGRAWYATGQIIGNIRQAHC
DEU272214	newdb	R5X4	CTRPNNNTRKSIHLGQGRAWYAIGQIIGNIRQAHC
DEU272216	newdb	R5X4	CTRPNNNTRKSIHLGQGRAWYATGQVIGDIRQAHC
DEU272226	newdb	R5X4	CTRPNNNTRKRVTLGPGRVWYTTGEIIGDIRKAYC
DEU272227	newdb	R5X4	CTRPNNNTRKRVTLGPGRVWYTTGEIIGDVKKAYC
DEU272228	newdb	R5X4	CTRPNNNTRKRVTLGPGRIWYTTGEIIGDIRKAYC
DEU272229	newdb	R5X4	CTRPNDNTRKRVTLGPGRVWYTTGEIIENMKKAYC
DEU272230	newdb	R5X4	CTRPNNNTRKRVTLGPGRVWYTTGQIIGDIRRAYC
DEU272235	newdb	R5X4	CTRPNNNTRKRVTLGPGRVWYTTGQIVGDIRKAHC
DEU272237	newdb	R5X4	CTRPNNNTRKRVSLGPGRVWYTTGQIVGDIRKAHC
DEU272239	newdb	R5X4	RTRPNNNTRKRVSLGPGRVWYTTGQIVGDIRKAHC
DEU272256	newdb	R5X4	CTRPTTIKKKGISRPGRVWYTTGQIVGDIRQAHC
DEU272309	newdb	R5X4	CTRPNNNTRKRVSLGPGRVWYTTGQIVGDIRRAHC
DEU272310	newdb	R5X4	CTRPNNNTRKRVSLGPGRVWYTTEQIVGDIRKAHC
DEU281995	newdb	R5X4	CTRPYSNKRQGIHIGPGRAYYTSEITGNIRQAYC
DEU281996	newdb	R5X4	CTRPYNNTRRSTHIGPGRAYFTTNIIGDIRQAHC
DEU281997	newdb	R5X4	CTRPYNNKRESIHMGPGRALYTKDIIGDIRQAHC
DEU281999	newdb	R5X4	CTRPGNNTRRGIRIGPGRKFYAADKIIGDIRQAYC
DEU578595	newdb	R5X4	CTRPNNNTRKSIHLGAGRALYTNGEIIGNIRHAHC
DEU743759	newdb	R5X4	CTRPSNNVRISTRIGPGQVFYRTGSIIGDIRKAYC
DEU743761	newdb	R5X4	CTRPNNNTRRGIHVGPGKALYTTDIIGDIRQAHC
DEU743763	newdb	R5X4	CTRPNNNTRTRVTMGPGHVFYKTGDIIGDIRRAFC
DEU743765	newdb	R5X4	CTRPFKNVRTSFRIGPGQVFYKTGDITGDIRKAYC
DEU743766	newdb	R5X4	CTRPFTNVRTSFRIGPGQVFYRTGDITGDIRKAYC
DEU743769	newdb	R5X4	CTRPSNNVRTSFRIGPGQVFYKTGSITGDIRKAYC
DFJ375970	newdb	R5X4	CTRPNNNTRKSVRIGIGRGQTFHATGKIIGDIRQAHC
DFJ376032	newdb	R5X4	CTRPNNNTRKSIRIGPGQAFFATGEIIGDIRQAHC
DFJ541291	newdb	R5X4	CTRPGNNTRRAIGIGPGRTFYATDRIIGDIRQAHC
DFJ652334	newdb	R5X4	CTRPNNNTRKSVRIGPGQAFYATGDIVGDVRQAHC
DFJ653254	newdb	R5X4	CTRPGNNTRKSIYIGPGRAVHVTDRIIGDIRQAHC
DFJ653255	newdb	R5X4	CTRPGNNTRKSIYIGPGRAVHVTDRIIGNIRQAHC
DFJ653263	newdb	R5X4	CTRPGNNTRKSIYIGPGRAVHVTDRIIGDIRKAHC
DFJ670517	newdb	R5X4	CTRPNNNTRKRITMGPGRVLYTTGEIIGDVRKAYC
DFJ670518	newdb	R5X4	CTRPNNNTRKRVTMGPGRVWYTTGEIIGDVRKAHC
DFJ670527	newdb	R5X4	CTRPSSKTQLRTSIGQGQALVTTKQVTGRKAQC
DFJ817371	newdb	R5X4	CTRPNNNTRKSIHLGPGHAFHTTGNIIGDIRKAHC
DFJ831794	newdb	R5X4	CTRPNNNTRKSIRIGPGQTFYATGEITGDIRKAYC
DFJ831800	newdb	R5X4	CTRPNNNTRKSIRIGPGQTFYATGKITGDIRKAYC
DFJ831804	newdb	R5X4	CTRPGNNTRKSVRIGPGQAFYTNDIIGDIRQAHC
DFJ831805	newdb	R5X4	CTRPGNNTRRSVRIGPGQAFYTTGDIIGDIRQAHC
DFJ831814	newdb	R5X4	CTRPSNNTRKSVRIGPGQAFYTNDIIGDIRQAHC
DFJ831817	newdb	R5X4	CIRPGNNTRKSVRIGPGQTFYATEGIIGNIRQAYC
DFJ831825	newdb	R5X4	CIRPGNNTRKSVRIGPGQTFNATEGIIGNIRQAYC
DFJ831830	newdb	R5X4	CTRPGHKKKASVRIGLGRAFYATTRITGDIRKARC
DFJ831831	newdb	R5X4	CTRPGNNRRKSVHMGPGRAFFATDAIIGDIRKAYC
DFJ831833	newdb	R5X4	CTRPGNNTRQSVRIGPGQAFYANKVIGDIRKAYC
DFJ831837	newdb	R5X4	CTRPGNNTRQGVRIGPGQAFYANKVIGDIRKAYC
DFJ831838	newdb	R5X4	CIRPGNNTRKSVRIGPGQTFYATGDIIGDTRKAHC
DFJ831840	newdb	R5X4	CIRPGNNTRKSVRIGPGQTFFATGDIIGDTRKAHC
DFJ831842	newdb	R5X4	CIRPGNNTRKSVRIGPGQTFFATGDIIGDIRQAHC
DFJ831844	newdb	R5X4	CIRPGNNTRKSVRIGPGQTFFATGEIIGDTRKAHC
DFJ831867	newdb	R5X4	CTRPGNNTRKSVRIGPGQTFYTTGAIIGDIRQAHC
DFJ831868	newdb	R5X4	CTRPSNNTRKSVRIGPGQTFYATGAIIGDIRQAHC
DFJ831873	newdb	R5X4	CTRPGNNTRKGVRIGPGQTFYATGAIIGDIRQAHC
DFJ831876	newdb	R5X4	CTRPGNNTRKSVRIGPGQTFYATGDIVGDIRQAHC
DFJ831877	newdb	R5X4	CTRPDNNTRKGVHIGPGQTFYATGDIIGDIRQAHC
DFJ831878	newdb	R5X4	CTRPDNNTRKDIHIGPGQAFYATGDIIGDIRQAHC
DFJ831879	newdb	R5X4	CTRPDNNTRKDVHIGPGQTFYATGDIIGDIRQAHC
DFJ831882	newdb	R5X4	CTRPNNNTIKGIHIGPGQTFYATGDIIGDIRQAHC
DFJ831884	newdb	R5X4	CTRPGNNTIKGIHIGPGQAFYATGAIAGDIRQAHC
DFJ831885	newdb	R5X4	CTRPGNNTRKDVHIGPGQTFYATGDIIGDIRQAHC
DFJ831886	newdb	R5X4	CTRPNNNTRKSIRIGPGQTFYHTGDIIGDIRQAHC
DFJ831887	newdb	R5X4	CTRPNNNTRKSIRIGPGQTFYTSDIIGDIRQAHC
DFJ831891	newdb	R5X4	CTRPNNNTRKSIRIGPGQTFYTSDIIGDIRQAYC
DFJ831913	newdb	R5X4	CTRPNNNTRRRFSIGPGHMFYTRNIIGDIRQAHC
DFJ831914	newdb	R5X4	CTRPGNNTRRSVHIGPGQALFYTGDIIGDIRKAHC
DFJ831915	newdb	R5X4	CTRPNNNTRRSIHIGPGQAFYTNNIIGDIRQAHC
DFJ831916	newdb	R5X4	CTRPNNNTRRSIHIGPGQAFYTNNIIGDIRKAHC
DFJ831918	newdb	R5X4	CTRPNNNTRRSIHIGPGQAFFTNNIIGDIRKAHC
DFJ831921	newdb	R5X4	CTRPSNNTRKGIGIGPGQTFYATEAIIGDIRQAHC
DFJ831923	newdb	R5X4	CTRPSNNTRKGIGIGPGQTFYATEAKIGDIRQAHC
DFJ831924	newdb	R5X4	CTRPNNNTRKGVHLGPGQAFYAMGDIIGDIRQAYC
DFJ831925	newdb	R5X4	CTRPSNNTRKGTGIGPGQTFYATEAIIGDIRQAHC
DFJ831926	newdb	R5X4	CTRPSNNTRKGIGIGPGQTFYATEAIIGDIRQVHC
DFJ831928	newdb	R5X4	CTRPSNNTRKGIGIGPGQTFYATEAIIGDIRRAHC
DFJ831930	newdb	R5X4	CTRPNNNTRKSVRIGPGQTFYAAGDIIGNIRQAHC
DFJ831931	newdb	R5X4	CTRPNNNTRKSVRIGPGQTFYAAGDIIGNIRQAYC
DFJ831932	newdb	R5X4	CTRPNNNTRKSVRIGPGQTFYAAGDIIGDIRQAHC
DFJ831948	newdb	R5X4	CIRPGNNTRTSVRLGPGQTFYATGDIIGDIRQAHC
DFJ831949	newdb	R5X4	CIRPGNNTRTSVSLGPGRTFCATGDIIGDIRQAHC
DFJ831951	newdb	R5X4	CIRPGNNTRTSVRIGPGQTFYATGDIIGDIRQAHC
DFJ831952	newdb	R5X4	CIRPGNHTRTSVSLGPGRTFYATGDIIGDIRQAHC
DFJ831953	newdb	R5X4	CIRPGNNTRTSVSLGPGRAFYATGDIIGDIRQAHC
DFJ831954	newdb	R5X4	CIRPGNNTRTSVSLGPGRTFYATGDIIGDIRQAHC
DFJ831959	newdb	R5X4	CTRPNNNTRKSVRIGPGQAFFATGDIIGGIKQAHC
DFJ831960	newdb	R5X4	CTRPNNNTRKSVRIGPGQAFFATGDIIGDIKQAHC
DFJ831961	newdb	R5X4	CTRPNNNTRKSVRIGPGQAFFATGGIIGDIRQAHC
DFJ831963	newdb	R5X4	CIRPNNNTRKSVRIGPGQAFFATGNIVGNIRQAHC
DFJ831965	newdb	R5X4	CTRPNNNTRKSVRIGPGQAFFATGDIIGDIRQAHC
DFJ831969	newdb	R5X4	CTRPGNNTRKSIRIGPGQTFYARGDIIGDIRRAHC
DFJ831970	newdb	R5X4	CSRPGNNTRKSIRIGPGQTFYARGDIIGDIRRAHC
DFJ831975	newdb	R5X4	CIRPGNNTRKSIRIGPGQTFYARGDIIGDIRRAHC
DFJ831980	newdb	R5X4	CTRPGNNTRKSVRIGPGQTFYATGNIIGDIRQAHC
DFJ831982	newdb	R5X4	CSRPGNNTRKSVRIGPGQTFYATGEIIGDIRQAHC
DFJ831988	newdb	R5X4	CTRPGNNTRKSVRIGPGQTFYATGGIIGDIRRAYC
DFJ831989	newdb	R5X4	CSRPGNNTRKSVRIGPGQTFYATGDIIGDIRRAHC
DFJ831990	newdb	R5X4	CTRPGNNTRKSVRIGPGQTFYATGDIIGDIRRAHC
DFJ831992	newdb	R5X4	CSRPGNNTRKSVRIGPGQTFYATGDIIGDMRRAHC
DFJ831995	newdb	R5X4	CSRPGNNTRKSVRIGPGQTFYATGGIIGDIRRAHC
DFJ831997	newdb	R5X4	CTRPGNKRIKSWHIGPGRTFYANGIKGDIRRAYC
DFJ831999	newdb	R5X4	CTRPGNNTRKSWSIGPGQAFYATNAIIGDIRKAYC
DFJ832007	newdb	R5X4	CTRPGNNTRKSVGIGPGQTFYATGDIIGDIRQAYC
DFJ832008	newdb	R5X4	CTRPGNNTRKSVRIGPGQTFYATGDIIGDIRQAYC
DFJ832016	newdb	R5X4	CTRPGNNTRKSVRIGPGQTFYATGDIIGDIRQADC
DFJ832017	newdb	R5X4	CTRPGNNTRKSVRIGPGQTSYATGDIIGDIRQAYC
DFJ832018	newdb	R5X4	CTRPSNNTRKSVRIGPGQTFYAAGEIIGNIRKAYC
DFJ832019	newdb	R5X4	CTRPSNNTRKSVRIGPGQTFYATGEIIGNIRKAYC
DFJ832020	newdb	R5X4	CTRPSSNTRKSVRIGPGQTFYATGEIIGNIRKAYC
DFJ832021	newdb	R5X4	CTRPSNNTRKGVRIGPGQTFYATGEIIGNIRKAYC
DFJ832027	newdb	R5X4	CTRPGNNTRKSVRIGPGQTFYANDIIGDIRQAYC
DFJ832028	newdb	R5X4	CIRPGNNTRKSVRIGPGQTFYTNDIIGDIRQAHC
DFJ832029	newdb	R5X4	CTRPGNNTRKSVRIGPGQTFYANDIIGNIRQAYC
DFJ832034	newdb	R5X4	CTRPGNNTRKSVRIGPGQTFYADDIIGDIRQAYC
DFJ832038	newdb	R5X4	CTRPANNTRKSVRIGPGQTFYANDIIGNIRQAYC
DGU204925	newdb	R5X4	CTRPNNNTIKGIHIGPGRAFYTTGQIVGNIRQAHC
DGU204926	newdb	R5X4	CTRPYRNHISRRFHIGPGRAFVTTKNIEEYRRQAHC
DGU204927	newdb	R5X4	CTRPYKNHISRRFHIGPGRAFVTTKNIEEYRKQAHC
DGU204933	newdb	R5X4	CTRPDNSIRRRIFHIGPGRAFYSTGQMGDIRRAHC
DGU204935	newdb	R5X4	CTRPSNSIKRRIFHIGPGRAFHSTGEMGDIRRAHC
DGU204937	newdb	R5X4	CSRPYKNIRQRTSIGLGQALYTTRKREYIGPAPC
DGU204938	newdb	R5X4	CSRPYKNIRQRTSIGLGQALYTTQKRDYIGPAHC
DGU362885	newdb	R5X4	CTRPYSYTTIRRIRIGPGRAFTTGSVGDIRQAHC
DHM239530	newdb	R5X4	CTRPNNNTRKSIHMGAGRAFYTNGEIIGNIRRAYC
DHM239568	newdb	R5X4	CTRPNNNTRKSIHIGPGRAFYATGAIIGDIRQAHC
DHM239596	newdb	R5X4	CTRPNNNTSKGIHTGPGRAFIARRTIIGNIRQSHC
DHM239602	newdb	R5X4	CTRPGNNTRKMIHIGPGRAWYATDKIIGNIRKAHC
DHM239604	newdb	R5X4	CTRPNNNTRKSIHMGPGSAFFATGDIIGDIRQAYC
DHM239615	newdb	R5X4	CTRPNNNTLKGIHIGPGRAFWTTGKIVGPIRQAHC
DHM368257	newdb	R5X4	CTRPNNNIRRSIHIQPGRAFFATGQITGDIRQAHC
DHQ678249	newdb	R5X4	CIRPNNNTRRRITMGPGRVLYTTGEIIGDIRKAYC
DHQ678250	newdb	R5X4	CTRPNRNTKRRIHIGPGRSFYGAGEVTGDIRRAYC
DHQ678252	newdb	R5X4	CTRPNNNTRRRISMGPGRAYVTTGQIIGNIRQAHC
DHQ678255	newdb	R5X4	CTRPNNNTRKSINMGPGRAFYATGEVIGDIRQAHC
DHQ678256	newdb	R5X4	CTRPNNNTRKGIHFGPGQAWYTTGQIIGDIRQAYC
DHQ678258	newdb	R5X4	CTRPNNNTRRSISIGPGRAFTTRQIIGDIRKAYC
DHQ678264	newdb	R5X4	CTRPNNNTRKSIHIGPGRAFHATGAIIGDIRQAHC
DHQ678268	newdb	R5X4	CTRPNNNTRRSIHIGPGQAFYATGDIIGDIRQAHC
DHQ678270	newdb	R5X4	CTRPNNNTRKGIHMGPGKAFYATTDIIGDIRKAYC
DHQ678279	newdb	R5X4	CTRPGNNTRKSITFGPGRAFFTTGDIIGDIRNAHC
DHQ678280	newdb	R5X4	CTRPNNNTRKSITMGPGRAFYATGEIIGDIRQAYC
DHQ678281	newdb	R5X4	CTRPGNNTSKSIRIGARKFYARERIIGDTRRAHC
DHQ678283	newdb	R5X4	CSRPNNNTRKSIHIGPGKAFYATGEIIGDIRQAYC
DHQ678285	newdb	R5X4	CTRPNNNTRKSITIGPGRAFYATDIIGDIRQAHC
DHQ678288	newdb	R5X4	CMRPNNNTRKSIHMGPGRAFYTTGDIIGNIRQAHC
DHQ678291	newdb	R5X4	CMRPSNNTSKGIRIGPGRAVYAAEKIIGDIRQAHC
DHQ678295	newdb	R5X4	CTRPSNNTRRGIHIGPGRAFYATGAITGDIRQAHC
DHQ678296	newdb	R5X4	CERPNNNTRKSIHIGPGRAFYTTGAIIGDIRKAHC
DHQ678297	newdb	R5X4	CTRPNAITRGRIHIGPGRAFHATKTIKDIRQAYC
DJF507735	newdb	R5X4	CERPNNNTRKGIHIGPGRVFYATGGIIGDIRRAHC
DJF507741	newdb	R5X4	CTRPNNNTRKGIHIGPGRVFFATGEIIGDIRKAHC
DJF507743	newdb	R5X4	CIRPNNNTRKGIHIGPGRVFYATGEIIGDIRRAHC
DJF507745	newdb	R5X4	CIRPNNNTRKGIHIGPGRVFYATGEIIGDIRKAHC
DJF507751	newdb	R5X4	CMRPNNNTRKGIRIGPGRVVYATEKIIGNIRRAHC
DJF507767	newdb	R5X4	CMRPNNNTRKGISIGPGRVVYATEKIIGNIRRAHC
DJF507769	newdb	R5X4	CMRPNNNTRKGIYIGPGRVVYATEKIIGNIRRAHC
DJF507775	newdb	R5X4	CTRPNNNTRKGIHIGPGRVFFATGEVIGDIRRAYC
DJF507777	newdb	R5X4	CERPNNNTRKGIAIGPGRVVYATEKIIGNIRRAHC
DJF507780	newdb	R5X4	CMRPNNNTRKGIAIGPGRVVYATEKIIGNIRRAHC
DJF507782	newdb	R5X4	CMRPNNNTRKGISIGPGRVVYATEKIIGDIRRAHC
DJF507783	newdb	R5X4	CTRPNNNTRKGIHIGPGRVFFATGEIIGDIRRAYC
DJF507786	newdb	R5X4	CERPNNNTRKGISIGPGRVVYATEKIIGNIRRAHC
DJF507862	newdb	R5X4	CTRPNNNTRKRISLGPGRVYYTTGQIIGDIRKAHC
DJF507867	newdb	R5X4	CTRPNNNTRKRISLGPGRVYYTTGQIIGDMRKAHC
DJF507875	newdb	R5X4	CTRPSNNTRRGIYIGPGRAFYATTKIIGDIRKAYC
DJF507891	newdb	R5X4	CTRPSNNTRQGIHIGPGRAFYATTKIVGDIRKAYC
DJF507894	newdb	R5X4	CTRPSNNTRRGIHVGPGRAIYATTKIIGDIRKAYC
DJF507896	newdb	R5X4	CTRPSNNTRRGIHIGPGRAFYATTKIIGDIRKAYC
DJF507898	newdb	R5X4	CTRPSNNTRRGIHIGPGRAIYATTKIIGDIRKAYC
DJF507906	newdb	R5X4	CTRPSNNTRRGIRIGPGRAIYATTKIIGDIRKAYC
DJF507920	newdb	R5X4	CTRPNNNTRQRISIGPGRAFYATRQIIGDIRQAHC
DJF507921	newdb	R5X4	CTRPNNNTRQRISIGPGRAFYAIRQIIGDIRQAHC
DJF507923	newdb	R5X4	CTRPNNNTRERISIGPGRAFYATRQIIGDIRQAHC
DJF507960	newdb	R5X4	CTRPNNNTRRGIHIGPGRAIMFATERIVGNIRQAHC
DJF507968	newdb	R5X4	CTRPNNNTARGIRIGPGRVIYAAKRIVGDIRRAHC
DJF507999	newdb	R5X4	CTRPNNNIKKGITLGPGRVFYTTGKIIGDIRQAHC
DJF508009	newdb	R5X4	CTRPNNNTKKGITLGPGRVFYTTGKIVGDIRQAHC
DJF508021	newdb	R5X4	CTRPNNNTKKGITLGPGRVFYTTGKIIGDIRQAHC
DJF508077	newdb	R5X4	CTRPNNYTRKGIYIGPGKAVYTTGKIIGDIRQAHC
DJF508080	newdb	R5X4	CTRPNNYTRKGIYIGPGRAVYTTGKIIGDIRQAHC
DJF508117	newdb	R5X4	CTRPNNNTRRSIYIGPGRARFTAGKIIGDIRKAYC
DJF804808	newdb	R5X4	CTRPNNNTRKSIHLGLGRWRSLYVTGDIIGDIRQAHC
DJF804809	newdb	R5X4	CSRPNNNTRKAIRIGPGRTIYAARKIIGDIRQAHC
DJF804811	newdb	R5X4	CTRPNVNIRKGIRTGWGRTIYATERITGDIRKAYC
DJF896819	newdb	R5X4	CTRPNNNTRKSVTLGPGKVYYTTGDIIGDIRRAHC
DJF896826	newdb	R5X4	CTRPNNNTRRSIHIGPGRAFYGTDIIGDIRQAHC
DJF896829	newdb	R5X4	CTRPNNNTRRSIHIGPGRAFYGTGIVGDIRQAHC
DJF896858	newdb	R5X4	CTRPGQNKIRHIHIGPGRAFYASDAKTGDIRKAYC
DJF896860	newdb	R5X4	CTRPNNNTRKSINIGPGRAFYATGDIIGDIRQAHC
DJF896861	newdb	R5X4	CTRPNNNTRKSIHLGQGRAFYATGAIIGDIRKAHC
DJF896869	newdb	R5X4	CTRPNNNTRKGIHIGPGRAFYVTGQITGDIRKAYC
DJF896870	newdb	R5X4	CTRPNYRKRKDMHVGHVGPGSAIYTTRGIVGNPKQAHC
DJN599164	newdb	R5X4	CLRPNKYTRQRIHIGPGRAFYTARDIIGDIRKAYC
DJX140649	newdb	R5X4	CTRPNNNTRKRITMGPGRVLYTTGQIIGDVRKAHC
DJX140670	newdb	R5X4	CERPNNNTRSSIHIGPGRSLYTTDIIGDIRNAYC
DJX535769	newdb	R5X4	CTRPSNNTRTGIHIGPGQVFYRTGEIIGDIRKAYC
DJX535784	newdb	R5X4	CTRPSNNTRTRVTMGPGHVFYKTGDIIGDIRKAYC
DJX535786	newdb	R5X4	CTRPSNNTRTRVTMGPGRVFYKTGEMIGDIRKAYC
DK02007	newdb	R5X4	CTRPNNNTRKSIYIGPGRAFHTTGRIIGDIRKAHC
DKC312434	newdb	R5X4	CIRPNNNTAKRVSIGPGKVWYTTDQIIGDIRRAHC
DKC312435	newdb	R5X4	CIRPNNNTAKRVSIGPGKVWYTTDKITGDIRRAHC
DKC312436	newdb	R5X4	CIRPNNNTAKRVSIGPGKVWYTTDKIIGDIRRAHC
DKC312437	newdb	R5X4	CIRPSNNTAKRVSIGPGKVWYTTDKIIGDIRRAHC
DKC312440	newdb	R5X4	CIRPNNNTAKRISIGPGKVWYTTDKIIGDIRRAHC
DKC312442	newdb	R5X4	CIRPSNNTAKRVSIGPGKVWYTTDKVIGDIRRAHC
DKC312444	newdb	R5X4	CIRPSNNTAKRVSIGPGKVWYTTDKIVGDIRRAHC
DKC312445	newdb	R5X4	CIRPNNNTAKRVSIGPGKVWYTTDNIIGDIRRAHC
DKC312458	newdb	R5X4	CIRPNNNTAKRVSIGPGKVWYTTDKIMGDIRRAHC
DKC473837	newdb	R5X4	CTRPNNNTRKSVTLGPGRVWYTTGQITGDIRKAHC
DKF268036	newdb	R5X4	CTRPSNNVRISTRIGPGQVFYKTGSIIGDIRKAYC
DKF716462	newdb	R5X4	CIRPNNNTRTSIRIGPGQTFFGTKVIGDIRQAHC
DKF716464	newdb	R5X4	CIRPGNNKKRNIHIGPGRVFYTNDITGDIRKAHC
DKF716479	newdb	R5X4	CTRPYNNTRQSTHIGPGAAIYTTKTIGDIRQAHC
DKF716480	newdb	R5X4	CIRPYNNTRKSINMGPGRAFYTNDIIGDIRQAHC
DKF716497	newdb	R5X4	CTRPNNNTRNSVHIGPGRALYTTNIIGDIRRAHC
DKF770248	newdb	R5X4	CTRPDNNTRRRVRIGPGQTFYTNDIIGDIRRAHC
DKF770271	newdb	R5X4	CTRPNNNRRKSIRIGPGQTFYAIGGVIGDIRQAYC
DKF770272	newdb	R5X4	CMRPGNNTKRSIRIGPGRTFYATGRIVGDIRKAHC
DKF770273	newdb	R5X4	CMRPGNNTRRSIRIGPGRTFYATGRIVGDIRKAHC
DKF770274	newdb	R5X4	CMRPGNNTRRSIRIGPGRTFYATGRIVGDIRQAHC
DKF770278	newdb	R5X4	CIRPGNKTRKSMRIGRGHTFYATGKIIGDIRKAHC
DKF770281	newdb	R5X4	CMRPGNNTKRSIRIGPGRTFYATGKIVGDIRKAHC
DKF859747	newdb	R5X4	CIRPNNNTRQSVHIGPGQVFYATGAIIENIRRTHC
DKF986106	newdb	R5X4	CTRPYNNIRKRIHIGPGRAFYANVIGDIRQAHC
DKF990607	newdb	R5X4	CTRPNNNTRKGINMGPGRVLYTTGEIIGDIRRAHC
DKP109501	newdb	R5X4	CERPNNNTRQGIHIGPGKAYFTTNIIGDIRSAHC
DKP109515	newdb	R5X4	CTRPSNNTRKSIHMGPGGAFYTTGAVIGDIRQAHC
DKP109522	newdb	R5X4	CTRPGNNTRKSIRIGPGQTFFATGEVIGDIRQAHC
DKU749389	newdb	R5X4	CTRPNNNIRKGIHLGPGSVFHVHQKVIGDIRKAYC
DKU749390	newdb	R5X4	CTRPNNNTRKSIHIGPGRAFYGTEIIGDIRRAHC
DKU749394	newdb	R5X4	CTRPYNNTRENTQIGPGQTLYTSKMIIGDIRQAYC
DKU749403	newdb	R5X4	CIKPGTNTRTRIHHIGPGRAFYTHGDIIGNPRIAHC
DKU749407	newdb	R5X4	CIRPGNNTRKRIHIGPGRAFIATGAVLGDPRKAYC
DKU749422	newdb	R5X4	CTRPNNNTRKSIHIGPGQVFYATGDIIGDIRKAYC
DKY658697	newdb	R5X4	CTRVNNNTRKSIHMGLGGAWHTTGNIIGDIRKAHC
DM17451	newdb	R5X4	CTRPNNNTRKSITKGPGRVIYATGQIIGDIRKAHC
DU04901	newdb	R5X4	CTRPNNNTSKRISIGPGRAFRATKIIGNIRQAHC
DU04902	newdb	R5X4	CTRPNNNTRKRISIGPGRASYTTGQIIGDIRKAHC
DU04903	newdb	R5X4	CTRPNNNTRKRISIGPGRAWYTTGQIIGDIRKAHC
DU08445	newdb	R5X4	CTRPNNSTRKRISIGPGRVWYTTGQIIGDIRKAHC
DU08446	newdb	R5X4	CTRPNNNTRKRISIGPGRVWYTTGQIIGNIRKAHC
DU08631	newdb	R5X4	CSRPNNNTRKSVHIGPGQAFYATGDVIGDIRQAYC
DU08672	newdb	R5X4	CTRPNNNIQRRIIHIGPGRAFHATGGIKGNIKPYC
DU08673	newdb	R5X4	CTRPNNNIQRRIIHIGPGRAFHATGGIKGNIRPYC
DU08674	newdb	R5X4	CIRPNNNTRRSIPIGPGRAFYATGDIIGDIRQAYC
DU08676	newdb	R5X4	CTRPNNNIQRRIIHIGPGRAFYTTGDIIGDIRQAYC
DU08682	newdb	R5X4	CIRPNNNTRRSIRIGPGRAFYAAGDIIGDIRQAYC
DU08763	newdb	R5X4	CPRPNNNTRKSVHIGPGQAFYATGDVIGDIRQAYC
DU27401	newdb	R5X4	CTRPNNNTRKRISLGPGRVFYTAGEIIGDIRKAHC
DU66222	newdb	R5X4	CTKPNKITRRNVRIGPGRALFKTGYIIGTIRQAHC
