XA04321	newdb	CXCR4	CTRPNNNTRKSIRIQRGPGRAFVTIGKIGNMRQAHC
XAB014785	newdb	CXCR4	CTRPSNPTRTRITMGPGRVWYRTGEITGSIRKAYC
XAB014791	newdb	CXCR4	CTRPSNPTRTRITMGPGRVWYRTGEITGSIKKAYC
XAB014793	newdb	CXCR4	CTRPSNPTRTRITMGPGRVWYRTGDIIGDIRQAYC
XAB014796	newdb	CXCR4	CTRPSNTTRTRITMGPGRVWYRTGEITGNIRKAYC
XAB014801	newdb	CXCR4	CTRPSNPTRTRITMGPGRVWYRTGEITGNIRKAYC
XAB014810	newdb	CXCR4	CTRPSNNTRTRVTLGPGRVWYRTGEIIGDMRKAYC
XAF021627	newdb	CXCR4	CTRPNNNTRRRIYIGQGRAVYTTKQIVGDIRKAYC
XAF021628	newdb	CXCR4	CTRPNNNTRKRIYIGQGRAVYTTRQIVGDIRKAYC
XAF021630	newdb	CXCR4	CTRPNNNTRKRIYIGQGRAVYTTKQIVGDIRKAYC
XAF021647	newdb	CXCR4	CTRPNNNTRKRIYIGQGRAVYTTRQIIGDIRKAYC
XAF021668	newdb	CXCR4	CTRPNNNTRNRIYIGQGRAVYTTKQIVGDIRKAYC
XAF021670	newdb	CXCR4	CTRPNNNTRNRIYIGQGRAVYTTKQIIGDIRKAYC
XAF033819	newdb	CXCR4	CTRPNNNTRKRIRIQRGPGRAFVTIGKIGNMRQAHC
XAF034375	newdb	CXCR4	CTRPNNYKRKRITTGPGKVLYTTGQIIGDIRRAHC
XAF034376	newdb	CXCR4	CTRPNNYKKKRITTGPGRVLYTTGQIIGDIRRAYC
XAF034377	newdb	CXCR4	CTRPNNYKKKRITVGPGRVLYTTGQIIGDIRRAHC
XAF034378	newdb	CXCR4	CTRPNNYKKKRITIGPGRVLYTTGQIIGDIRRAYC
XAF034379	newdb	CXCR4	CTRPNNYKRKRITTGPGRVLYTTGQIIGDIRRAYC
XAF034385	newdb	CXCR4	CTRPYNYKKKKITTGPGRVLYTTEEIIGDIRRAHC
XAF035534	newdb	CXCR4	CTRPNNNIRKRIHIGPGRAFYTTRQIIGNIRQAHC
XAF069672	newdb	CXCR4	CIRPYHNTRTRIHIGPGRSFYTGDIKGSIRQAHC
XAF075720	newdb	CXCR4	CTRPNYNKRKRIHIGPGRAFYTTKNIKGTIRQAHC
XAF082390	newdb	CXCR4	CTRPNNNTRKSIHIGPGGAFYATGDIIGDIRQAHC
XAF146728	newdb	CXCR4	CMRPNNNTRKGIYVGPGRHIYATEKIVGDIRQAHC
XAF180915	newdb	CXCR4	CTRPNNNVRKRISLSPGRVYYTTGEIRGDIRKAYC
XAF189159	newdb	CXCR4	CTKPNNNTRKRIRIQRGPGRAFVTVGKIGNMRQAHC
XAF258981	newdb	CXCR4	CTRPNKNIRKGLRLGPGRAFYTMGGIVGYIRQAHC
XAF258985	newdb	CXCR4	CTRPNKNIRKGLRLGPGRAFYTMGGIVGNIRQTHC
XAF258988	newdb	CXCR4	CTRPNKTTRKGLRLGPGRAFYTMGGIVGYIRQAHC
XAF258999	newdb	CXCR4	CTRPNKTTRKGLRLGPGRAFYTLGGIVGYIRQAHC
XAF259003	newdb	CXCR4	CTRPNKTIRKGLRLGPGRAFYTMGRIEGYIRQAHC
XAF259009	newdb	CXCR4	CTRPNKTIRKGLRLGPGRAFYTMGGIEGYIRQAHC
XAF259049	newdb	CXCR4	CTRPGNNTRRRISIGPGRAFYTTEQIIGNIRQAHC
XAF307749	newdb	CXCR4	CVRPYRNIKIQRTPIGLGQALYTTKRIGHIGQAHC
XAF307758	newdb	CXCR4	CSRPYKKERQRTHIGPGQALYTTRTTRVEGNIRQAHC
XAF310132	newdb	CXCR4	CTRPNNYTRKHIHLGARKAFYTGEIVGDIRQAHC
XAF355319	newdb	CXCR4	CTRPGNNTRKSIRIGIGRGQTFYANGRVVGDIRQAHC
XAF355320	newdb	CXCR4	CTRPGNPIRKRIGIGPGQAFHATGNIIGDIRRAQC
XAF355330	newdb	CXCR4	CTRPNNNTKKGIRTGIGAGQTFYATGKIIGDIRQAHC
XAF355336	newdb	CXCR4	CTRPANNTRRAIGIGPGRKYYATDKIIGNIRQAHC
XAF355708	newdb	CXCR4	CTRPSNKIRTSFRIGPGQVFYRTGDITGDIRKAYC
XAF355733	newdb	CXCR4	CTRPGNKTIKSISLGPGRAFSATRQIIGDIRKAYC
XAF355743	newdb	CXCR4	CTRPGNKTIRSISLGPGRAFSATRQIIGDIRKAYC
XAF355744	newdb	CXCR4	CTRPGNKTIRSISLGPGRAFSVTRQIIGDIRKAYC
XAF391548	newdb	CXCR4	CSRPYENKRRRTPIGLGQAYYTTKLKGYIRPAHC
XAF411966	newdb	CXCR4	CTRPGSNKQRIRNIRIGPGRAFHTNGVIGDIRKAYC
XAJ810482	newdb	CXCR4	CTRHHEIIKRRKLHIGPGRPFYTAEIGDRRKAYC
XAM156912	newdb	CXCR4	CIRPFYKTRKSVRVGLGRAYLTERIRGDIRQAHC
XAM156914	newdb	CXCR4	CIRPGINTRQGVRIGPGRAFFIRNNIIGDIRKAFC
XAM156915	newdb	CXCR4	CTRPNNYTRKGIRIGPGRAVYAAEKIVGNIRQAHC
XAM156919	newdb	CXCR4	CTRPHNTIKRRIHIGPGRAFYTTKGIQGDLRQAHC
XAM279344	newdb	CXCR4	CTRPYKNIRRRIHIGPGRAFYATSGIEGGIRQAYC
XAM279349	newdb	CXCR4	CTRPGNNIRRSVRIGIGPGRKFYTTGDITGNIRQAHC
XAM279356	newdb	CXCR4	CTRPGKIKKRHVRIGPGRAFWITGDIGGYIRQAHC
XAY173951	newdb	CXCR4	CTRPNNYTRKRITMGPGRVYYTTGEIIGDIRRAHC
XAY189526	newdb	CXCR4	CTRVSKNIRQKRIKIGPGRAFVATGDIGDIRKAHC
XAY230878	newdb	CXCR4	CMRPGNNTRKRVRIGIGPRQTFYAPGGINKDIRQAHC
XAY265948	newdb	CXCR4	CMRPNNNTRKSVRIGPGQTFFATGAIIGNIRQAHC
XAY265949	newdb	CXCR4	CGRPNNHRIKGLRIGPGRAFFAMGAIGGGEIRQAHC
XAY271690	newdb	CXCR4	CTRPGNPIRKRVGIGPGQAFHATGNIIGDIRRAQC
XAY494967	newdb	CXCR4	CTRPFYTRISMTRGPGHVFYRTGKIVGDPRKAYC
XAY529678	newdb	CXCR4	CARPGNNTRKMMRIGIGRGQTFYANGQVIGDIRQAHC
XAY529679	newdb	CXCR4	CTRPYYNKRRSMRIGIGRGQALYATKEITGDIRRAYC
XAY619730	newdb	CXCR4	CTRPYNNTRRSTHIGLGRVYYITKIIGDTRQAHC
XAY619735	newdb	CXCR4	CTRPYNNTRRSTHIGPGRVYYITKIIGDTRQAHC
XAY619736	newdb	CXCR4	CTRPYNNTRRSTHIGPGRVYYITRIIGDTRQAHC
XAY619739	newdb	CXCR4	CTRPYNNTRQSTHIGPGRAYYTTRIIGDIRQAHC
XAY619752	newdb	CXCR4	CTRPYNNTRRSTHIGLGRIYYITKIIGDTRQAHC
XAY619753	newdb	CXCR4	CTRPYNNTRRSTHIGPGRVYYMTKIIGDTRQAHC
XAY619756	newdb	CXCR4	CTRPYNNTRRSTHIGLGQVYYITKIIGDTRQAHC
XAY619763	newdb	CXCR4	CTRPYNNTRRSTHIGLGRVYYMTKIIGDTRQAHC
XAY619768	newdb	CXCR4	CTRPYNNTRRSTHIGLGRVYYITKVIGDTRQAHC
XAY619769	newdb	CXCR4	CTRPYNNTRRSTHIGPGRAYYITRIIGDIRQAHC
XAY619797	newdb	CXCR4	CTRPYTTTRRSTGIGPGRASYIAKIGNIRQAYC
XAY619798	newdb	CXCR4	CTRPYTTIRQSTGIGPGRASYIAKIGNIRQAHC
XAY619799	newdb	CXCR4	CTRPYTTTRQSTGIGPGRASYIAKIGNIRQAYC
XAY619801	newdb	CXCR4	CSRPYTTTRRSTGIGPGRASYIEKIGNIKQAYC
XAY619802	newdb	CXCR4	CSRPYTTIRRSTGIGPGRASYIEKIGNIKQAYC
XAY619803	newdb	CXCR4	CTRPYNNTRQSTHIGPGRAWYTTRIIGDIRQAYC
XAY619804	newdb	CXCR4	CTRPYTTIRRSTGIGPGRASYIAQIGNIRQAYC
XAY619805	newdb	CXCR4	CSRPYTTIRKSTGIGPGRASYIAKIGDIKQAHC
XAY619806	newdb	CXCR4	CTRPYNNTRQSTHIGPGRAWYTTKIIGDIRQAYC
XAY619807	newdb	CXCR4	CSRPYTTIRRSTGIGPGRASYIAKIGNIKQAHC
XAY619808	newdb	CXCR4	CTRPYTTIRRSTGIGPGRASYIAKIGNIKQAHC
XAY619809	newdb	CXCR4	CTRPYYTTRRSTGVGPGRASYIAKITGDIRQARC
XAY619810	newdb	CXCR4	CSRPYTTIRKSTGIGPGRASYIAKIGDIRQAYC
XAY619813	newdb	CXCR4	CSRPYTTLRKSTGIGPGRASYIAKIGDIRQAYC
XAY619815	newdb	CXCR4	CSRPYTTLRKSTGIGPGRASYIAKIGNIKQAYC
XAY619821	newdb	CXCR4	CSRPYTTIRRSTGIGPGRASYIAKITGDIRQARC
XAY619822	newdb	CXCR4	CSRPYTTTRKSTGIGPGRASYIAKIGDIKQAYC
XAY619823	newdb	CXCR4	CSRPYTTTRKSTGIGPGRASYIAKIGDIRQAYC
XAY619824	newdb	CXCR4	CSRPYTTIRKSTGIGPGRASYIAKIGNIKQAYC
XAY619828	newdb	CXCR4	CSRPYTTIRKSTGIGPGRASYIEKIGTIKQAYC
XAY619834	newdb	CXCR4	CSRPYTTIRKSTGIGPGRASYIAKIGNIKQAHC
XAY619835	newdb	CXCR4	CTRPYTTTRRSTGIGPGRASYIAKIGNIRQAHC
XAY619844	newdb	CXCR4	CTRPYTTIRQSTGIGPGRASYIAKIGNIKQAYC
XAY619845	newdb	CXCR4	CTRPYNNTRQSTHIGPGRAYYTTRIIGDIRQAYC
XAY619848	newdb	CXCR4	CSRPYTTIRRSTGIGPGRASYIATIGNIKQAHC
XAY619849	newdb	CXCR4	CTRPYTTIRRSTGIGPGRASYIAKITGDIRQARC
XAY619853	newdb	CXCR4	CTRPYNNTRQSTHIGPGRAWYTTKIIGDIKQAYC
XAY619854	newdb	CXCR4	CTRPFNNTRTSVGVGPGQVFYKTGDIIGDIRRAYC
XAY619855	newdb	CXCR4	CTRPFNNTRTSVGIGPGQVFYKTGDIIGDIRRAYC
XAY619856	newdb	CXCR4	CTRPYNNTRTSVRIGPGQAFYKTGEIVGDIRRAYC
XAY619857	newdb	CXCR4	CTRPFNNTRTSVRIGPGQAFYKTGDIVGDIRRAYC
XAY619858	newdb	CXCR4	CTRPYNNTRTSVRIGPGQAFYKTGDIVGDIRRAYC
XAY619859	newdb	CXCR4	CTRPYNNTRTSVRIGPGQAFYKTGEIIGDIRRAYC
XAY619862	newdb	CXCR4	CTRPFNNTRTSVRIGPGQVFYKTGDITGDIRRAYC
XAY619864	newdb	CXCR4	CTRPFKNMRTSVRIGPGRVFHKTGSITGDIRRAYC
XAY619870	newdb	CXCR4	CTRPFKKMRTSVRIGPGRVFYKTGSITGDIRRAYC
XAY619872	newdb	CXCR4	CTRPYNNTRTSVRIGPGQAFYKAGEIIGDIRRAYC
XAY619881	newdb	CXCR4	CTRPFKNIRTSVRIGPGRVFYKTGAITGDIRRAYC
XAY619882	newdb	CXCR4	CTRPFNNTRTSVRIGPGQVFYKTGEIIGDIRRAYC
XAY619883	newdb	CXCR4	CTRPFKNIRTSARIGPGRVFYKTGSITGDIRRAYC
XAY619884	newdb	CXCR4	CTRPFKNIRTSVRIGPGRVFHKTGAITGDIRRAYC
XAY619887	newdb	CXCR4	CTRPYNNTRTSVRIGPGQAFYKTGDIIGDIRRAYC
XAY619888	newdb	CXCR4	CTRPFKNVRTSVRIGPGRVFYKTGAITGDIRRAYC
XAY619914	newdb	CXCR4	CTRPFKNMRTSARIGPGRVFYKTGAILGDIRRAYC
XAY619931	newdb	CXCR4	CTRPYYTKRASVRIGLGQAFHRTKEIVGDIRRAHC
XAY669756	newdb	CXCR4	CARPYIKIWRRTHIGSGQAYSTKRIQNYTGPAHC
XAY669760	newdb	CXCR4	CTRPYNNIRQRTPIGLGQALYTTRRIEDIRRAHC
XAY713407	newdb	CXCR4	CTRPNNNISRRRIHIGRGQAFYATGGMTGNIRQAYC
XAY713418	newdb	CXCR4	CIRPYNKTKIQRTSIGLGQALYTNDKIIGNIRQAYC
XAY713419	newdb	CXCR4	CIRPYNNTRTKMTMGPGHVFYKTENIIGSVKKAHC
XAY713423	newdb	CXCR4	CTRPFINTRVSSRIGPGRVFYSTEDIKGVLRKAYC
XAY713424	newdb	CXCR4	CTRPYNTKIKVTRGPGRVYYRTGEITGDIRKAYC
XAY736819	newdb	CXCR4	CTRPNYNKRKRIHIGPGRAFYTTKNIIGTIRQAHC
XAY842799	newdb	CXCR4	CTRPNNNTRKRITAGPGRVLYTTGQIIGDIRRAHC
XAY842826	newdb	CXCR4	CARPNNNTRKGIHMGPGRAMYATEKITGDIRQAHC
XAY842833	newdb	CXCR4	CARPNNNTRKRIYMGTGRYMSATEKITGDIRQARC
XDQ177196	newdb	CXCR4	CTRPYDNLVTKITMGPGRVYYRTENIKQGTKMAYC
XDQ177202	newdb	CXCR4	CTRPNNNTRKGIRIGPGRAFIATDKIIGDIRQAHC
XDQ177204	newdb	CXCR4	CTRPNNYTRKGIRVGPGRKVYAAEKIIGDIRKAHC
XDQ286957	newdb	CXCR4	CQRPNNHTRKRITMSPGRVVYTTGEVIGDIRRAHC
XDQ286958	newdb	CXCR4	CTRPDNNIKRRIIHIGPGRAFHATKTGDIRQAYC
XDQ382362	newdb	CXCR4	CSRPGNNTRKSVRIGIGRGQTFYATGKVIGDIRQAHC
XDQ382368	newdb	CXCR4	CTRPYKSSRRRTHIGTGQAWYTTNIEGDIRKAHC
XDQ382372	newdb	CXCR4	CTRPANTRIKRLGIGPGQAFRTVKQIIGDIRQSHC
XDQ382378	newdb	CXCR4	CTRPGKGKRTRVRIGPGRTFYATGAVTGDIRKAHC
XDQ825460	newdb	CXCR4	CTRPSRITRGRVHIGPGRAFHATSGITGDIRQAYC
XDQ825462	newdb	CXCR4	CTRPNNNTRKGVRIGPGQTFYATGDIIGNIRQAHC
XDQ869028	newdb	CXCR4	CTRPGNSTRRGILVGTRRFYTTRNIIGDIRKAHC
XDQ904342	newdb	CXCR4	CTRPGNKTIRSIRLGPGQAFYTNKGDIRQASC
XDQ904343	newdb	CXCR4	CTRPGNKTIRSIRIGPGRTFYTNKGDIRQAYC
XDQ990880	newdb	CXCR4	CTRPNNNTRKRITMGPGRVLYTTGQIVGDIRKAHC
XEF688433	newdb	CXCR4	CIRPNNNTRRSIHIGPGRAFYATGRVIGDVRRAYC
XEF688436	newdb	CXCR4	CTRPHNKAIRHIHIGQGRAFTTGSIEGNIRQAHC
XEF688451	newdb	CXCR4	CTRPNNKKIEGIRIGPGSAYFTRQIKEHMRQTHC
XEU074772	newdb	CXCR4	CIRPNNNTRKSISFGPGQAFYATGDIIGDIRQAYC
XEU074775	newdb	CXCR4	CIRPNNNTRESISFGPGQAFYATGDIIGDIRQAYC
XEU074777	newdb	CXCR4	CTRPNNNTRKRVTMGPGKVWYATGEIIGDIKKAYC
XEU578394	newdb	CXCR4	CTRPNNNTIKTIRMGIRRAFYTKEIIGDIRQAHC
XEU604549	newdb	CXCR4	CTRPSNHTRKRVTLGPSRVYYTTGEITGDIRRAHC
XEU604561	newdb	CXCR4	CTRPNNHTRKRVTLGPSRVYYTTGEITGDIRRAHC
XEU743760	newdb	CXCR4	CTRPFNKQRTRTAIGQGQAFYRTEVITGDIRKAYC
XEU743775	newdb	CXCR4	CTRPSGNRRTRITMGPGRVFYRTGEIVGDIRKAHC
XEU743779	newdb	CXCR4	CTRPYDTKIRMTRGPGKVFYHTGDIIGDIRKAFC
XEU743780	newdb	CXCR4	CTRPYETKIRMTRGPGKVFYHTGDIIGDIRKAFC
XEU743782	newdb	CXCR4	CTRPFKNVRTSLRIGPGRVFYRTGGITGDIRKAYC
XEU743794	newdb	CXCR4	CTRPYESIRIRTSIGQGQVLDRTENIKGDIRKAYC
XFJ376006	newdb	CXCR4	CRRPGNATRKSVRIGIGRGHTFYATGKIIGDIRKAYC
XFJ541290	newdb	CXCR4	CTRPNNNTRKSVRIGIGRGQTFYATGEIVGDIRQAHC
XFJ541294	newdb	CXCR4	CTRPNNNTRKRVRIGHRHLVYAHGEIIGNIRQAHC
XFJ541295	newdb	CXCR4	CGRPNNHRIKGLRIGPGRAFFAMGAIRGGEIRQAHC
XFJ653146	newdb	CXCR4	CKRPNNNARRHIHIGPGRAFYATDIIGNIRQAYC
XFJ653149	newdb	CXCR4	CKRPNNNARRRIHIGPGRAFYATDIIGNIRQAYC
XFJ653150	newdb	CXCR4	CKRPNNNMRRHIHIGPGRAFYTTDIIGNIRRAYC
XFJ653151	newdb	CXCR4	CKRPNNNMRRHIHIGPGRAFYTTDIIGNMRRAYC
XFJ653156	newdb	CXCR4	CKRPNNNMRRHIHIGPGRAFYATDIIGNIRQAYC
XFJ798323	newdb	CXCR4	CTRPNNNTRKGIHIGLGRRFYVTQIIGDVKRAHC
XFJ798326	newdb	CXCR4	CTRPNNNTRKGIHIGLGRRFYVTQVIGDVKRAHC
XFJ798328	newdb	CXCR4	CTRPNNNTRKGIHIGLGRRVYVTRQIIGDTKRAHC
XFJ798399	newdb	CXCR4	CIRPGNNTSKRISIGPGRAFRATKIIGDIRKAHC
XFJ798401	newdb	CXCR4	CIRPGNNTSKRISIGPGRAFRATKVIGDIRKAHC
XFJ798402	newdb	CXCR4	CIRPGNNTSKRVSIGPGRAFRATKVIGDIRKAHC
XFJ798416	newdb	CXCR4	CTRPNNNTRQRISIGPGRAFYTTRQVIGDIRQAHC
XFJ798418	newdb	CXCR4	CTRPNNNTRQRISIGPGRAFYTTRQVVGDIRQAHC
XFJ798425	newdb	CXCR4	CTRPNNNTRKRISIGPGRAFYTTRQVIGDIRQAHC
XFJ798429	newdb	CXCR4	CTRPNNNTRNRISIGPGRAFYTTRQVIGDIRQAHC
XFJ798430	newdb	CXCR4	CTRPSNNTRRRISIGPGRAFYTTRQVIGDIRQAHC
XFJ798457	newdb	CXCR4	CTRPNNNTRRGVYIGPGKAFYTTDRIIGDIRQAHC
XFJ798527	newdb	CXCR4	CTRPNNNTRRRISIGPGRAFTTRDIIGDIRQAHC
XFJ798528	newdb	CXCR4	CTRPNNNTRRRLSIGPGRAFYATRDIIGDIRQAHC
XFJ798540	newdb	CXCR4	CTRPNNNTRGRLSIGPGRAFYATRDIIGDIRRAHC
XFJ798547	newdb	CXCR4	CTRPNNNTRKRITMGPGRVYYTTGQIIGNIRQAHC
XFJ798554	newdb	CXCR4	CTRPNNNTMKSITIGPGRAFYTTGQIIGDIRQAHC
XFJ831905	newdb	CXCR4	CSRPDNNTRKSVRIGPGQAFYTMDIIGDIRKAFC
XFJ846628	newdb	CXCR4	CTRPDNKINMKRIKIGPGRAFVATKGIRGDIRQAHC
XFJ846629	newdb	CXCR4	CTRPDNKISMKRIKIGPGRAFVATKGIKGDIRQAYC
XFJ846630	newdb	CXCR4	CTRPDNKINMKRIKIGPGRAFVATKGIKGDIRQAYC
XFJ846633	newdb	CXCR4	CTRPNNNTRKSMRIGIGRGQTFYAMGRIIGDIRQAHC
XFJ846652	newdb	CXCR4	CTRPNNNTRKSMRIGIGRGHAFYTTGKVIGNIRQAHC
XFJ846655	newdb	CXCR4	CTRPNNNTRKNVRIGIGRGQTFNAMGRIIGNIRQAHC
XGU177863	newdb	CXCR4	CTRPNNNTRKRVSIGPGRAWYTTKQIVGDIRQAHC
XGU475018	newdb	CXCR4	CTRPSNRTRTRMTMGLGHVFYKTEIITGDIRKAYC
XGU475038	newdb	CXCR4	CTRPFKTEIRITRGPGRVFYRTGNIVGDPRKAYC
XHF571998	newdb	CXCR4	CIRPYYYNKRQRTPIGQGQALYTMGTRGSVGRPHC
XHM215420	newdb	CXCR4	CTRPNNNTRKRVTLGPGRVWYTTGQIIGDIRKAHC
XHQ678267	newdb	CXCR4	CTRPNTKTRKRIHIGPGRAFYTTKTVRDIRQAHC
XHQ699949	newdb	CXCR4	CIRPNNNTRKSIPLGPGKAWYTTGEIIGDIRKAHC
XHQ699974	newdb	CXCR4	CTRPNNNTRKRIGIGPGRTLYAARAIIGDIRQAHC
XHQ699986	newdb	CXCR4	CTRPSNHQRKRITMGPGRVYYSTGEITGDIRKAYC
XJF804805	newdb	CXCR4	CTRPNTNTRKIPIGPGRAFYTIGSITRDIRQAHC
XJF804806	newdb	CXCR4	CTRPGNNTIKSIKVGSGRIIYAKGRIIGDIRKAQC
XJF804807	newdb	CXCR4	CTRPDNTRKRIHLGRGRVFYATGGIKGDIRYAHC
XJF804813	newdb	CXCR4	CTRPNNYTRKGIHLGGVGRAFYVKGQIIGDIRQAHC
XJN001990	newdb	CXCR4	CTRPNNNTKKGIYVGPGRKVYTTDRIIGDIRQAHC
XJN001991	newdb	CXCR4	CTRPNNNTKRGIYVGPGRKVYTTDRIIGDIRQAHC
XJN001995	newdb	CXCR4	CTRPNNNTKRGIYVGPGRKVYTTDRIIGNIRQAHC
XJX508861	newdb	CXCR4	CIRPNNNIRKGVRIGPGYAVFQARTIIGDIRQAHC
XJX535770	newdb	CXCR4	CTRPSNNKRTRITMGPGRVFYRTGAIIGDIRKARC
XJX535787	newdb	CXCR4	CTRPINVEIGVTRGPGRVYYKTGKITGDIRKAYC
XJX535792	newdb	CXCR4	CTRPANKTRMRMTIGPGKVYYRTEDITGDIRKAYC
XK03454	newdb	CXCR4	CARPYQNTRQRTPIGLGQSLYTTRSRSIIGQAHC
XKF384799	newdb	CXCR4	CTRHNNNKKIQRIHIGPGRAFVATKGITGDIRQAHC
XKF384800	newdb	CXCR4	CTRPYRVITKRIMHIGPGRTFHTTGTIGNIRHAYC
XKF384801	newdb	CXCR4	CTRPNNNIRKRIIHIGPGRPFYATGDIGNIRRAQC
XKF384802	newdb	CXCR4	CTRPNYSTRKSIHIGPGRAFYTTKQIRGNIIQAHC
XKF384805	newdb	CXCR4	CTRPSNNTRKGIHIGPGRAFFATGDIIGDIRRAHC
XKF384806	newdb	CXCR4	CTRPGKKLSRIIHIGPGRAFYASDGRDIRQAYC
XKF766540	newdb	CXCR4	CTRPYNNTRKSIGIGPGQAFYATGDIIGDIRQAHC
XKF770412	newdb	CXCR4	CTRPNINNVRNVRIGPGRALFKTGKMTGDIRQASC
XKF770419	newdb	CXCR4	CTRPSNNTRRRVRIGRGQAFDATGQIIGDIRQAHC
XKF770430	newdb	CXCR4	CTRPGNNTGRSVRIGLRTFYTTRKIIGDIRAAHC
XKP693379	newdb	CXCR4	CTRPTNYTSKMIRIQRGPGRAYVRTRPSGDIRQAYC
XKP693380	newdb	CXCR4	CTRPTNYTSKMIRIQRGPGRAFVRTKPSGDIRQAYC
XL22956	newdb	CXCR4	CARPGNNTRKSIRIGPGQTFFATGAIIGDIRQAHC
XL31963	newdb	CXCR4	CTRPNNNTRKKFRIQRGPGRAFVTIGKIGNMRQAHC
XM14100	newdb	CXCR4	CTRPNNNTRKKIRIQRGPGRAFVTIGKIGNMRQAHC
XU04904	newdb	CXCR4	CTRPNNNTRRSVHSGHIGGGRTLFTTHIVGDIRKAHC
XU08193	newdb	CXCR4	CTRPYSKERLKTSIGQGQALYTTRVKVTGDIRQAHC
XU08667	newdb	CXCR4	CTRPNNNISRRRIHIGGGQAFYATGGMTGNIRQAYC
XU08723	newdb	CXCR4	CTRPYDKVSYRTPIGVGRASYTTRIKGDIRQAHC
XU08734	newdb	CXCR4	CARPFYAIERQRTPIGQGQVLYTTKKIGRIGQAHC
XU08738	newdb	CXCR4	CTRPYEKIKRRGTPIGLGQAYLTTQITGYIRQAHC
XU08739	newdb	CXCR4	CTRPYRNIRQRTHIGTGQAYYTKGIKGVAGQPHC
XU08806	newdb	CXCR4	CARPFYAIERQKTPIGQGQVLYTTKKIGRIGQAHC
XU25553	newdb	CXCR4	CTRPFYTRISMTRGPGYVFYRTGKIVGDPRKAYC
XU25572	newdb	CXCR4	CTRPSNKKRQRVTIGPGRVYYSTGDIMGDIRKAHC
XU25574	newdb	CXCR4	CTRPFYNKRTRTSIGQGQVLYRTGDITGNIGKPYC
XU25575	newdb	CXCR4	CTRPFYNKRTRTSIGQGRVLYRTGDITGNIGKPYC
XU27404	newdb	CXCR4	CARPNNNTRKSIHIGPGQAFYTTGEIIGDIRKAHC
XU27408	newdb	CXCR4	CTRPNNNTRKSIHIGPGQAFYTTGEIIGDIRKAHC
XU48207	newdb	CXCR4	CTRPNNNTRRSIPIGPGRAFYATGDIIGDIRQAHC
XU72495	newdb	CXCR4	CIRPNNNTRRSIHIGPGRAFYGTDIIGDIRQAHC
