95ZW748_ZW_C_SI_u1_BATRA_(2000)	webpssm	CXCR4	CTRPNNNVRKHIRIGIGKVFYA-NDIIGDIRQARC
95ZW2036_ZW_C_SI_u2_BATRA_(2000)	webpssm	CXCR4	CIRPGNNTRKSIRIGPGQVFYAATNIIGNIRQAHC
95ZW2288_ZW_C_SI_u3_BATRA_(2000)	webpssm	CXCR4	CTRPNNNTRKSVRIGPGQVFYA-NDIIGDIRQAHC
ET030_ET_C_SI/CXCR4_u4_ABEBE_(1999)	webpssm	CXCR4	CTRPNNNTRKSIRIGPGQAFYATGTIIGDIRQAHC
ET074_ET_C_SI/CXCR4_u5_ABEBE_(1999)	webpssm	CXCR4	CTRPNNNTRKSIGIGPGQAFYARGDIIGDIRQAFC
ET074MT_ET_C_SI/CXCR4_u5_ABEBE_(1999)	webpssm	CXCR4	CTRPNYTKRRSIGIGPGQAFFARGGITGDIRQAFC
ET079MT_ET_C_SI/CXCR4_u6_ABEBE_(1999)	webpssm	CXCR4	CTRPNNNIRKSVRIGRGHTFYATGAIRGDIRQTHC
ET030MT_ET_C_SI/CXCR4_u4_ABEBE_(1999)	webpssm	CXCR4	CTRPYNTIRKRIKIGPGHAFHTTKTIRGDIRQAFC
ET030A6_ET_C_SI/CXCR4_u4_ABEBE_(1999)	webpssm	CXCR4	CTRPYNTIRTRIKIGPGHAFHTTKTIRGDIRQAFC
ET030A11_ET_C_SI/CXCR4_u4_ABEBE_(1999)	webpssm	CXCR4	CTRPYNTIRKRIKIGPGHAFHTTKTIRGDIRQAFC
ET030A12_ET_C_SI/CXCR4_u4_ABEBE_(1999)	webpssm	CXCR4	CTRPYNTIRTRIKIGPGHAFHTTKTIRGDIRQAFC
ET030B6_ET_C_SI/CXCR4_u4_ABEBE_(1999)	webpssm	CXCR4	CTRPNNNTRKSIRIGPGHAFHATGAIIGDIRQAYC
ET030C11_ET_C_SI/CXCR4_u4_ABEBE_(1999)	webpssm	CXCR4	CTRPYNTIRTRIKIGPGHAFHTTKTIRGDIRQAFC
ET030F7_ET_C_SI/CXCR4_u4_ABEBE_(1999)	webpssm	CXCR4	CTRPYNTIRKRIKIGPGHAFHTTKTIKGDIRQANC
ET074C1_ET_C_SI/CXCR4_u5_ABEBE_(1999)	webpssm	CXCR4	CTRPNYTKRRSIGIGPGQAFFARGGITGDIRQAFC
ET074C4_ET_C_SI/CXCR4_u5_ABEBE_(1999)	webpssm	CXCR4	CTRPNYTKRRSIGIGPGQAFFARGGIGRDIRQAFC
ET074D6_ET_C_SI/CXCR4_u5_ABEBE_(1999)	webpssm	CXCR4	CTRPNYTKRRSIGIGPGQAFFARGGIGRDIRQAFC
ET074E7_ET_C_SI/CXCR4_u5_ABEBE_(1999)	webpssm	CXCR4	CTRPNYTKRRSIGIGPGQAFFARGGIGRDLRQAFC
ET074F3_ET_C_SI/CXCR4_u5_ABEBE_(1999)	webpssm	CXCR4	CTRPNYSKRRSIGIGPGQAFFARGGITGDIRQAFC
ET074G2_ET_C_SI/CXCR4_u5_ABEBE_(1999)	webpssm	CXCR4	CTRPNYTKRRSIGIGPGQAFFARGGITGDIRQAFC
ET074H1_ET_C_SI/CXCR4_u5_ABEBE_(1999)	webpssm	CXCR4	CKRPNINKRKSIGIGPGQGFLARGGITGDIRQAFC
ET074H3_ET_C_SI/CXCR4_u5_ABEBE_(1999)	webpssm	CXCR4	CTRPNYIKRKSIGIGPGQAFFARGGIGRDLRQAFC
ET079B8_ET_C_SI/CXCR4_u6_ABEBE_(1999)	webpssm	CXCR4	CTRPNNNIRKSVRIGRGHTFYATGAIKGNIRQAHC
ET079E7_ET_C_SI/CXCR4_u6_ABEBE_(1999)	webpssm	CXCR4	CTRPNNNIRKSVRIGRGHTFYATGAIRGNIRQTHC
ET079H8_ET_C_SI/CXCR4_u6_ABEBE_(1999)	webpssm	CXCR4	CTRPNNNIRKSVRIGRGHTFYATGNIIGDIRQAHC
TV005_ZA_C_SI/R5X4_u7_TREURNICHT_(2002)	webpssm	CXCR4	CTRPNNNTRKSIRIGPGQTFYATGDIIGDIRQAHC
ET074E2_ET_C_SI/CXCR4_u5_ABEBE_(1999)	webpssm	CXCR4	CTRPNNNTRKSIGIGPGQAFYARGDIIGDIRQAFC
ET079A1_ET_C_SI/CXCR4_u6_ABEBE_(1999)	webpssm	CXCR4	CTRPNNNTRKSVRIGPGQTFYATGAIIGDIRQAHC
ET079A7_ET_C_SI/CXCR4_u6_ABEBE_(1999)	webpssm	CXCR4	CTRPNNNTRKSVRIGPGQTFYATGAIIGDIRQAHC
ET079B12_ET_C_SI/CXCR4_u6_ABEBE_(1999)	webpssm	CXCR4	CTRPNNNTRKSVRIGPGQTFYATGAIIGDIRQAHC
ET079F5_ET_C_SI/CXCR4_u6_ABEBE_(1999)	webpssm	CXCR4	CIRPNNNTRKSVGIGPGQAFYATGDIIGDIRQAHC
TM1__ZA_C_SI/R5X4_COETZER_(SUBM)	webpssm	CXCR4	CTRPNNNTRKNVRIGRGQTFYANGRIIGNIRQAHC
TM2__ZA_C_SI/CXCR4_COETZER_(SUBM)	webpssm	CXCR4	CARPGNNTRKMMRIGRGQTFYANGQVIGDIRQAHC
TM9__ZA_C_SI/CXCR4_COETZER_(SUBM)	webpssm	CXCR4	CTRPYYNKRRSMRIGRGQALYATKEITGDIRRAYC
TM18c_ZA_C_SI/R5X4_u10_COETZER_(SUBM)	webpssm	CXCR4	CTRPNNNTRRSIRIGPGAAYYANNDIIGDIRQAYC
RP1__ZA_C_SI/R5X4_COETZER_(SUBM)	webpssm	CXCR4	CIRPGNNTRKRVRLGPGQTFYATGRVIRDIRQAHC
99ZASW7_ZA_C_CXCR4_u12__PAPATHANASOPOULOS_(2002)	webpssm	CXCR4	CTRPGSNKQRIRNIGPGRAFHTNG-VIGDIRKAYC
SW12_ZA_C_SI/CXCR4_u13_CILLIERS_(2003)	webpssm	CXCR4	CMRPGNNTRKRVRIGPRQTFYAPGGINKDIRQAHC
SW20_ZA_C_SI/R5X4_u14_CILLIERS_(2003)	webpssm	CXCR4	CTRPNNNTRKSIRTGRGQTFYVTGQIIGDVRQAHC
SW30c_ZA_C_SI/R5X4_u15_NICD_(UNPUBL)	webpssm	CXCR4	CTRPNNNTRKSVRIGRGLSFYTTGKVLGNIRQAHC
SW30sr_ZA_C_SI/R5X4_u15_CILLIERS_(2003)	webpssm	CXCR4	CTRPNNNTRKSVRIGRGHAFYTTGKVIGNIRQAHC
99ZACM9_ZA_C_R5X4_u16_PAPATHANASOPOULOS_(2002)	webpssm	CXCR4	CARPGNNTIKRIRIGPRYAFYAKETIIGDIRQAHC
DU36_ZA_C_SI_u17_COETZER_(SUBM)	webpssm	CXCR4	CTRPDNNISMKRIKGPGRAFVATKGIKGDIRQAHC
DU151MarchOO_ZA_C_SI/R5X4_u18_MP_NICD_(UNPUBL)	webpssm	CXCR4	CTRPNSNKRRGVRIGPGLSFFATRKIIGDIRQAHC
DU151MayOO_ZA_C_SI/R5X4_u18_MP_NICD_(UNPUBL)	webpssm	CXCR4	CTRPNSNKRRGVRIGPGLAFFATRKIIGDIRQAHC
DU151MT2_ZA_C_SI/CXCR4_u18_COETZER_(SUBM)	webpssm	CXCR4	CTRPNSNKRRGVRIGPGLSFFATRRIIGDIRQAHC
DU179MAR99_ZA_C_SI_u19_COETZER_(SUBM)	webpssm	CXCR4	CTRPGNNTRKSIRIGPGQAFY-TNHIIGDIRQAHC
DU179MAY99_ZA_C_SI/R5X4_u19_VAN_HARMELEN_(2001)	webpssm	CXCR4	CTRPGNNTRKSIRIGPGQAFY-TNHIIGDIRQAYC
DU179FEB00_ZA_C_SI/R5X4_u19_COETZER_(IN_PREP)	webpssm	CXCR4	CTRPGNKTRRSIRIGPGQAFYTTNTI-GDIRQASC
DU179MAY00_ZA_C_SI/R5X4_u19_COETZER_(IN_PREP)	webpssm	CXCR4	CTRPGNKTIRSIRLGPGQAFY-TNK--GDIRQASC
DU179D_ZA_C_SI/CXCR4_u19_COETZER_(IN_PREP)	webpssm	CXCR4	CTRPGNKTIRSIRIGPGRTFY-TNK--GDIRQAYC
