95ZW84_ZW_C_NSI_u20_BATRA_(2000)	webpssm	CCR5	CTRPNNNTRKSMRIGPGQTFYATGDIIGDIRQAHC
95ZW295_ZW_C_NSI_u21_BATRA_(2000)	webpssm	CCR5	CTRPNNNTRKSMRIGPGQVFYATDGIIGDIRQAHC
95ZW377_ZW_C_NSI_u22_BATRA_(2000)	webpssm	CCR5	CTRPSNNTRKSIRIGPGQTFYATNDIIGDIRQAHC
95ZW530_ZW_C_NSI_u23_BATRA_(2000)	webpssm	CCR5	CTRPGNNTRKSIRIGPGQAFFATGDIIGDIRQAHC
95ZW560_ZW_C_NSI_u24_BATRA_(2000)	webpssm	CCR5	CTRPGNNTRKSIRIGPGQTFYAANGIIGDIRQAHC
95ZW734_ZW_C_NSI_u25_BATRA_(2000)	webpssm	CCR5	CTRPNNNTRKSIRIGPGQAFYATGDIIGDIRQAHC
95ZW820_ZW_C_NSI__u26_BATRA_(2000)	webpssm	CCR5	CTRPNNNTRKSIRIGPGQAFYATNGIIGDIRQAHC
95ZW979_ZW_C_NSI__u27_BATRA_(2000)	webpssm	CCR5	CTRPGNNTRKSIRIGPGQTFYATNGIIGDIRQAHC
95ZW1100_ZW_C_NSI__u28_BATRA_(2000)	webpssm	CCR5	CTRPGNNTRRSMRIGPGQTFYATGAIIGDIRQAHC
95ZW1226_ZW_C_NSI__u29_BATRA_(2000)	webpssm	CCR5	CTRPSNNTRKSMRIGPGQTFYATGDIIGDIRQAHC
95ZW1373_ZW_C_NSI__u30_BATRA_(2000)	webpssm	CCR5	CTRPNNNTRKSIRIGPGQTFYATGEIIGDIRQAHC
95ZW1373_ZW_C_NSI__u31_BATRA_(2000)	webpssm	CCR5	CTRPNNNTRKSVRIGPGQTFYATGEIIGDIRQAHC
95ZW1607_ZW_C_NSI__u32_BATRA_(2000)	webpssm	CCR5	CTRPNNNTRKSIRIGPGQTFYATNDIIGDIRQAHC
95ZW1614_ZW_C_NSI__u33_BATRA_(2000)	webpssm	CCR5	CTRPNNNTRKSIRIGPGQAFYATDGIIGDIRQAHC
95ZW1624_ZW_C_NSI__u34_BATRA_(2000)	webpssm	CCR5	CTRPGNNTRKSIRIGPGQAFFATNDIIGDIRQAHC
95ZW1733_ZW_C_NSI__u35_BATRA_(2000)	webpssm	CCR5	CTRPNNNTRKSIRIGPGQAFYATGGIIGDIRRAYC
95ZW1782_ZW_C_NSI_u36_BATRA_(2000)	webpssm	CCR5	CTRPNNNTRKSIRIGPGQTFFATDDIIGDIRQAHC
95ZW1875_ZW_C_NSI__u37_BATRA_(2000)	webpssm	CCR5	CTRPNNNTRKSIRIGPGQSFYATGDIIGDIRQAHC
95ZW2101_ZW_C_NSI__u38_BATRA_(2000)	webpssm	CCR5	CTRPGNNTRKSIRIGPGQAFFATGDIIGDIRQAHC
95ZW2107_ZW_C_NSI__u39_BATRA_(2000)	webpssm	CCR5	CTRPGNNTRTSIRIGPGQAFYATNDIIGDIRQAHC
95ZW2396_ZW_C_NSI__u40_BATRA_(2000)	webpssm	CCR5	CTRPSNNTRRSIRIGPGQAFYATDEIIGNIRQAHC
95ZW2516_ZW_C_NSI__u41_BATRA_(2000)	webpssm	CCR5	CTRPSNNTRKSVRIGPGQTFYATGDIIGDIRQAHC
ET3098_ET_C_NSI/CCR5_u42_BJORNDAL_(1999)	webpssm	CCR5	CTRPNNNTRKSIRIGPGQTFYATGDIIGDIRQAHC
ET3099__ET_C_NSI/CCR5_u43_BJORNDAL_(1999)	webpssm	CCR5	CTRPNNNTRKSIRIGPGQTFYATGDIIGDIRQAHC
ET3100__ET_C_NSI/CCR5_u44_BJORNDAL_(1999)	webpssm	CCR5	CTRPNNNTRKSIRIGPGQTFYATGGIIGDIRQAHC
ET3101__ET_C_NSI/CCR5_u45_BJORNDAL_(1999)	webpssm	CCR5	CTRPNNNTRKSMRIGPGQTFYATGDIIGDIRQAHC
ET3347__ET_C_NSI/CCR5_u46_BJORNDAL_(1999)	webpssm	CCR5	CTRPNNNTRKSIRIGPGQTFYATGEIIGNIRQAYC
ET3348__ET_C_NSI/CCR5_u47_BJORNDAL_(1999)	webpssm	CCR5	CTRPSNNTRKSMRIGPGQTFYATGDIIGNIRQAHC
ET3349__ET_C_NSI/CCR5_u48_BJORNDAL_(1999)	webpssm	CCR5	CTRPNNNTRKSMRIGPGQTFYATGDIIGDIRQAYC
ET3350__ET_C_NSI/CCR5_u49_BJORNDAL_(1999)	webpssm	CCR5	CTRPSNNTRKSMRIGPGQTFYATGDIIGDIRQAHC
ET2526__ET_C_NSI/CCR5_u50_BJORNDAL_(1999)	webpssm	CCR5	CTRPNNNTTESIRIGPGQTFYATGDIIGDIRKAYC
92BR025__BR_C_NSI/CCR5_u51_BJORNDAL_(1999)	webpssm	CCR5	CTRPNNNTRKSIRIGPGQAFYATGEIIGDIRQAHC
92BR025.9__BR_C_NSI_u51_GAO_(1996)	webpssm	CCR5	CTRPNNNTRKSIRIGPGQAFYATGEIIGDIRQAHC
93MW959__MW_C_NSI_u52_GAO_(1996)	webpssm	CCR5	CTRPNNNTRRSIRIGPGQVFYANNDIIGDIRQAHC
93MW960__MW_C_NSI_u53_GAO_(1996)	webpssm	CCR5	CTRPNNNTRKSIRIGPGQTFYATNEIIGNIREAHC
93MW965__MW_C_NSI_u54_GAO_(1996)	webpssm	CCR5	CTRPNNNTRKSVRIGPGQTFYATGAIIGDIRQAHC
SE8337_MW_C_NSI/CCR5_u55_ALAEUS_(1997)	webpssm	CCR5	CIRPXNNTRKSIRIGPGQAFXATNXIIGDIRXAHC
SE7159_UG_C_NSI/CCR5_u56_ALAEUS_(1997)	webpssm	CCR5	CTRPSNNTRRSVRIGPGQAFYTTGXIIGDIRQAHC
SE8056_ZA_C__NSI/CCR5_u57_ALAEUS_(1997)	webpssm	CCR5	CVRPXNNTRKSMRIGPGQTFYATGXXIGDIRQAHC
SE7854_ET_C_NSI/CCR5_u58_ALAEUS_(1997)	webpssm	CCR5	CTRPNNNTRKSMRIGPGQTFYATGDIIGDIRQAHC
SE6077_MZ_C_NSI/CCR5_u59_ALAEUS_(1997)	webpssm	CCR5	CTRPSNNTRKSVRIGPGQTFYATGDVIGDIRQAHC
SE7410_ER__C_NSI/CCR5_u60_ALAEUS_(1997)	webpssm	CCR5	CTRPSNNTRESIRIGPGQTFYATGDIIGDIRQAHC
SE8565_ZW_C_NSI/CCR5_u61_ALAEUS_(1997)	webpssm	CCR5	CIRPNNNTRXSIRIGPGQAFYATNSIIGDIRQAHC
SE8684_TZ_C_NSI/CCR5_u62_ALAEUS_(1997)	webpssm	CCR5	CTRPNNNTRESIXIGPGQTFYATGXIIGDIRQAHC
SE8899_ET_C_NSI/CCR5_u63_ALAEUS_(1997)	webpssm	CCR5	CTRPNNNTRESIRIGPGQSFYAMGDIIGDIRQAHC
SE8848_ER_C_NSI/CCR5_u64_ALAEUS_(1997)	webpssm	CCR5	CTRPNNNTRESIRIGPGQTFYATGDIIGDIRQAYC
SE8879_SO__C_NSI/CCR5_u65_ALAEUS_(1997)	webpssm	CCR5	CTRXNNNTRXSIRIGPGQTFYATGDIIGDIRQAHC
SE8890_KE__C_NSI/CCR5_u66_ALAEUS_(1997)	webpssm	CCR5	CXRPNNNTRRSVRIGPGQTFYATGDIIGNIRHAYC
SE9085_TZ__C_NSI/CCR5_u67_ALAEUS_(1997)	webpssm	CCR5	CTRPNNNTXKSXRIGPGQTFXATGXVIGDIRXAYC
SE9279_ET_C_NSI/CCR5_u68_ALAEUS_(1997)	webpssm	CCR5	CXRPNNNTXKSMXIXPXQTFYATXAIIGDIRQAHC
SE9283_BW__C_NSI/CCR5_u69_ALAEUS_(1997)	webpssm	CCR5	CXRPSNNTRQSIRIGPGQTFYATGDIIGDIRQAHC
SE9337_ZW__C_NSI/CCR5_u70_ALAEUS_(1997)	webpssm	CCR5	CTRPSNNTRKSVRIRPGQAFYATNEVIRDIRQAHC
SE9338_ZW__C_NSI/CCR5_u71_ALAEUS_(1997)	webpssm	CCR5	CTRPSNNTRKSVRIGPGQTFYATNEVIGDIRQAHC
SE7564_TZ__C_NSI/CCR5_u72_ALAEUS_(1997)	webpssm	CCR5	CVRPNNNTRTSIRIGPGQXFYATNGIIGDIRQAHC
ET005_ET_C_NSI/CCR5_u73_ABEBE_(1999)	webpssm	CCR5	CTRPNNNTRKSMRIGPGQTFYATGDIIGDIRQAHC
ET006_ET_C_NSI/CCR5_u74_ABEBE_(1999)	webpssm	CCR5	CARPNNNTRKSIRIGPGQTFYATGAIIGNIRQAHC
ET009_ET_C_NSI/CCR5_u75_ABEBE_(1999)	webpssm	CCR5	CARPNNNTRKSIRIGPGQTFYATGAIIGDIRQAHC
ET019_ET_C_NSI/CCR5_u76_ABEBE_(1999)	webpssm	CCR5	CTRPGNNTRKSMRIGPGQTFYATGDIIGDIRQAHC
ET020_ET_C_NSI/CCR5_u77_ABEBE_(1999)	webpssm	CCR5	CTRPGNNTRKSMRIGPGQTFYATGDIIGDIRQAHC
ET024_ET_C_NSI/CCR5_u78_ABEBE_(1999)	webpssm	CCR5	CTRPNNNTRKSIRIGPGQTFYATGGIIGDIREAYC
ET028_ET_C_NSI/CCR5_u79_ABEBE_(1999)	webpssm	CCR5	CTRPNNNTRKSMRIRPGQTFYATGAIIGDIRQAHC
ET029_ET_C_NSI/CCR5_u80_ABEBE_(1999)	webpssm	CCR5	CTRPNNNTRRSVRIGPGQTFYATGEIIGKIRQAYC
ET032_ET_C_NSI/CCR5_u81_ABEBE_(1999)	webpssm	CCR5	CTRPSNNTRESIRIGPGQTFYATGGIIGDIRQAHC
ET033_ET_C_NSI/CCR5_u82_ABEBE_(1999)	webpssm	CCR5	CTRPNNNTRKSMRIGPGQTFYATGEIIGDIRQAYC
ET035_ET_C_NSI/CCR5_u83_ABEBE_(1999)	webpssm	CCR5	CTRPNNNTRKSVRIGPGQTFYATGEIIGDIRHAYC
ET036_ET_C_NSI/CCR5_u84_ABEBE_(1999)	webpssm	CCR5	CIRPNNNTRKSIRIGPGQTFYAAGDIIGDIRQAYC
ET037_ET_C_NSI/CCR5_u85_ABEBE_(1999)	webpssm	CCR5	CTRPGNNTRKSMRIGPGQTFYATGDIIGDIRQAHC
ET039_ET_C_NSI/CCR5_u86_ABEBE_(1999)	webpssm	CCR5	CTRPNNNTRKSIRIGPGQTFYATGDIIGDIRQAHC
ET042_ET_C_NSI/CCR5_u87_ABEBE_(1999)	webpssm	CCR5	CTRPNNNTRESIRIGPGQTFYATGDIIGDIREAYC
ET043_ET_C_NSI/CCR5_u88_ABEBE_(1999)	webpssm	CCR5	CTRPNNNTRKSMRIGPGQTFYATGDIIGNIRQAHC
ET044_ET_C_NSI/CCR5_u89_ABEBE_(1999)	webpssm	CCR5	CTRPNNNTRKSIRIGPGQTFYATGGIIGDIRQAHC
ET045_ET_C_NSI/CCR5_u90_ABEBE_(1999)	webpssm	CCR5	CTRPGNNKRESIRIGPGQTFYATGDIIGDIRQAYC
ET046_ET_C_NSI/CCR5_u91_ABEBE_(1999)	webpssm	CCR5	CMRPNNNTRESIRIGPGQTFYATGDIIGDIRQAYC
ET049_ET_C_NSI/CCR5_u92_ABEBE_(1999)	webpssm	CCR5	CTRPNNNTRESIRIGPGQTFYATGAIIGDIRQAHC
ET050_ET_C_NSI/CCR5_u93_ABEBE_(1999)	webpssm	CCR5	CTRPNNNTRKSMRIGPGQTFYATGEIIGDIRQAYC
ET051_ET_C_NSI/CCR5_u94_ABEBE_(1999)	webpssm	CCR5	CTRPGNNTRKSMRIGPGQTFYATGDIIGDIRQAHC
ET054_ET_C_NSI/CCR5_u95_ABEBE_(1999)	webpssm	CCR5	CTRPNNNTRRSMRIGPGQTFYATGDIIGDIRQAYC
ET055_ET_C_NSI/CCR5_u96_ABEBE_(1999)	webpssm	CCR5	CTRPNNNTRKSMRIGPGQTFYATGVLIGFIRQAHC
ET069_ET_C_NSI/CCR5_u97_ABEBE_(1999)	webpssm	CCR5	CTRPNNNTRRNVGIGPGHTFYATGAIIGIIRQAHC
ET070_ET_C_NSI/CCR5_u98_ABEBE_(1999)	webpssm	CCR5	CTRPNNNTRKSMRIGPGQTFYATGDIIGDIRQAHC
ET072_ET_C_NSI/CCR5_u99_ABEBE_(1999)	webpssm	CCR5	CTRPNNNTRKSVRIGPGQTFYATGDIIGDIRQAHC
ET076_ET_C_NSI/CCR5_u100_ABEBE_(1999)	webpssm	CCR5	CTRPSNNTRRSVRIGPGQTFYATGDIIGDIRQAHC
ET077_ET_C_NSI/CCR5_u101_ABEBE_(1999)	webpssm	CCR5	CTRPSNNTRASIRIGPGQTFYATGQIIGDIRKAHC
ET081_ET_C_NSI/CCR5_u102_ABEBE_(1999)	webpssm	CCR5	CTRTNNNTRTSIRIGPGQTFYATGDIIGNIRQAHC
ET085_ET_C_NSI/CCR5_u103_ABEBE_(1999)	webpssm	CCR5	CTRPNNNTRKSIRXGPGQTFYATGDIXGNIRQAHC
ET086_ET_C_NSI/CCR5_u104_ABEBE_(1999)	webpssm	CCR5	CTRPGNNTRRSVRIGPGQTFYTAGEIIGDIRQAHC
ET088_ET_C_NSI/CCR5_u105_ABEBE_(1999)	webpssm	CCR5	CTRPGNNTRKSMRIGPGQTFYATGDIIGNIRQAHC
ET089_ET_C_NSI/CCR5_u106_ABEBE_(1999)	webpssm	CCR5	CTRPNNNTRKSMRIGPGQTFYATGDIIGNIRQAHC
ET091_ET_C_NSI/CCR5_u107_ABEBE_(1999)	webpssm	CCR5	CMRPGNNTRKSIRIGPGQTFYATGDIIGDIRQAYC
ET092_ET_C_NSI/CCR5_u108_ABEBE_(1999)	webpssm	CCR5	CTRPNNNTRRSIRIGPGQAFYATGAITGDIRLAYC
ET094_ET_C_NSI/CCR5_u109_ABEBE_(1999)	webpssm	CCR5	CTRPNNNTRKSMRIGPGQTFYATGAIIGNIREAYC
ET099_ET_C_NSI/CCR5_u110_ABEBE_(1999)	webpssm	CCR5	CTRPNNNTRKSMRIGPGQTFYATGDIIGDIRQAHC
ET100_ET_C_NSI/CCR5_u111_ABEBE_(1999)	webpssm	CCR5	CTRPNNNTRESIRIGPRTNFYAIGEIIGDIRKAYC
ET101_ET_C_NSI/CCR5_u112_ABEBE_(1999)	webpssm	CCR5	CTRPGNNTRKSMRIGPGQTFYATGDIIGDIRQAHC
ET102_ET_C_NSI/CCR5_u113_ABEBE_(1999)	webpssm	CCR5	CTRPNNNTRKSMRIGPGQTFYATGDIIGNIRQAHC
ET104_ET_C_NSI/CCR5_u114_ABEBE_(1999)	webpssm	CCR5	CTRPGNNTRKSMRIGPGQTFYATGDIIGDIRQAHC
ET106_ET_C_NSI/CCR5_u115_ABEBE_(1999)	webpssm	CCR5	CTRPGNNTRTSMRIGPGQAFYATGDIIGDIRQAHC
ET108_ET_C_NSI/CCR5_u116_ABEBE_(1999)	webpssm	CCR5	CTRPNNNTRKSMRIGPGQTFYATGDIIGNIRQAHC
ET115_ET_C_NSI/CCR5_u117_ABEBE_(1999)	webpssm	CCR5	CTRPNNNTRRSMRIGPGQTFYATGDIIGDIRQAHC
ET074D3_ET_C_NSI/CCR5_u5_ABEBE_(1999)	webpssm	CCR5	CTRPNNNTRKSIGIGPGQAFYARGDIIGDLRQAFC
93IN999_IN_C_NSI/CCR5_u118_LOLE_(1999)	webpssm	CCR5	CVRPNNNTRESIRIGPGQTFYATGEIIGDIRQAHC
93IN904_IN_C_NSI/CCR5_u119_LOLE_(1999)	webpssm	CCR5	CTRPNNNTRKSIRIGPGQTFYATGEIIGDIRQAHC
93IN905_IN_C_NSI/CCR5_u120_LOLE_(1999)	webpssm	CCR5	CTRPNNNTRKSIRIGPGQTFYATGDIMGDIRQAHC
93IN101_IN_C_NSI/CCR5_u121_MOCHIZUKI_(1999)	webpssm	CCR5	CTRPNNNTRKSIRIGPGQTFYATGDIIGDIRQAHC
93IN101_IN_C_NSI/CCR5_u121_TORRE_(2000)	webpssm	CCR5	CTRPNNNTRKSIRVGPGQTFYATGDIIGDIRQAHC
TV019_ZA_C_NSI/CCR5_u122_TREURNICHT_(2002)	webpssm	CCR5	CTRPGNNTRKSIRIGPGQAFFATGAIIGDIRKAYC
TV018_ZA_C_NSI/CCR5_u123_TREURNICHT_(2002)	webpssm	CCR5	CTRPNNNTRRSMRIGPGQTFYATGEIIGDIRQAYC
TV014_ZA_C_NSI/CCR5_u124_TREURNICHT_(2002)	webpssm	CCR5	CTRPGNNTRKSVRIGPGQTFYATGDIIGDIRQAGC
TV013_ZA_C_NSI/CCR5_u125_TREURNICHT_(2002)	webpssm	CCR5	CTRPNNNTRRSIRIGPGQAFY-TNDIIGDIRQAHC
TV012_ZA_C_NSI/CCR5_u126_TREURNICHT_(2002)	webpssm	CCR5	CTRPNNNTRKSMRIGPGQTFYATGDIIGDIRQAHC
TV010_ZA_C_NSI/CCR5_u127_TREURNICHT_(2002)	webpssm	CCR5	CTRPNNNTRKSVRIGPGQTFYATGEIIGNIREAHC
TV009_ZA_C_NSI/CCR5_u128_TREURNICHT_(2002)	webpssm	CCR5	CTRPGNNTRQSIRIGPGQTFYATGDIIGDIRQAHC
TV008_ZA_C_NSI/CCR5_u129_TREURNICHT_(2002)	webpssm	CCR5	CTRPNNNTRKSIRIGPGQTFYATNDIIGDIRQAYC
TV007_ZA_C_NSI/CCR5_u130_TREURNICHT_(2002)	webpssm	CCR5	CTRPNNNTRRSIRIGPGQAFYATGDIIGDIRQAHC
TV006_ZA_C_NSI/CCR5_u131_TREURNICHT_(2002)	webpssm	CCR5	CTRPGNNTRKSVRIGPGQAFFATNDIIGDIRQAHC
TV004_ZA_C_NSI/CCR5_u132_TREURNICHT_(2002)	webpssm	CCR5	CTRPNNNTRKSIRIGPGQTFYATGEIIGDIRQAHC
TV003_ZA_C_NSI/CCR5_u133_TREURNICHT_(2002)	webpssm	CCR5	CTRPNNNTRKSIRIGPGQTFYATNGIIGNIRQAHC
TV002_ZA_C_NSI/CCR5_u134_TREURNICHT_(2002)	webpssm	CCR5	CTRPGNNTRKSVRIGPGQAFYATGDIIGDIRQAHC
TV001_ZA_C_NSI/CCR5_u135_TREURNICHT_(2002)	webpssm	CCR5	CTRPNNNTRKSVRIGPGQAFYATNDVIGDIRQAHC
MJ4_BW_C_CCR5_u136_NDUNGU_(2001)	webpssm	CCR5	CTRPGNNTRRSVRIGPGQAFYATGDIIGDIRAAHC
94IN476_IN_C_CCR5_u137_RODENBURG_(2001)	webpssm	CCR5	CTRPNNNTRKSIRIGPGQAFYATNGIIGDIRQAHC
97ZA012_ZA_C_CCR5_u138_RODENBURG_(2001)	webpssm	CCR5	CTRPNNNTRKSMRIGPGQTFYATGDIIGDIRQAYC
98BR004_BR_C_CCR5_u139_RODENBURG_(2001)	webpssm	CCR5	CTRPNNNTRESIRIGPGQTFYATGDIIREIRQAHC
98CN006_CN_C_CCR5_u140_RODENBURG_(2001)	webpssm	CCR5	CTRPNNNTRKSIRIGPGQTFYATGDIIGDIRQAHC
98CN009_CN_C_CCR5_u141_RODENBURG_(2001)	webpssm	CCR5	CTRPGNNTRKSIRIGPGQTFYATGEIIGDIRQAHC
98IN012_IN_C_CCR5_u142_RODENBURG_(2001)	webpssm	CCR5	CTRPNNNTRKSIRIGPGQTFYATGGIIGNIRQAHC
98IN022_IN_C_CCR5_u143_RODENBURG_(2001)	webpssm	CCR5	CTRPNNNTRKSIRIGPGQTFYATGDIIGDIREAHC
98TZ013_TZ_C_CCR5_u144_RODENBURG_(2001)	webpssm	CCR5	CTRPGNNTRKSVRIGPGQTFY-TNDIIGDIRQAYC
98TZ017_TZ_C_CCR5_u145_RODENBURG_(2001)	webpssm	CCR5	CTRPGNNTRKSIRIGPGQTFYATGEIIGDIRQAHC
97ZA003_ZA_C_CCR5_u146_BALL_(2002)	webpssm	CCR5	CTRPNNNTRKSIRIGPGQAFYATGDIIGDIRQAYC
95BRSP006_BR_C_NSI_u147_BONGERTZ_(2000)	webpssm	CCR5	CTRPNNNTRKSIRIGPGQTFYATGNIIGDIRQAHC
95ZATB1_ZA_C_NSI/CCR5_u148_MORRIS_(2001)	webpssm	CCR5	CTRPGNNTRKSVRIGPGQTFYATGAIIGNIREAHC
95ZATB2_ZA_C_NSI/CCR5_u149_MORRIS_(2001)	webpssm	CCR5	CTRPNNNTRKSIRIGPGQAFFATNDIIGDIRQAHC
95ZATB3_ZA_C_NSI/CCR5_u150_MORRIS_(2001)	webpssm	CCR5	CTRPGNNTRKSVRIGPGQTFYATGDIIGNIRQAHC
95ZATB4_ZA_C_NSI/CCR5_u151_MORRIS_(2001)	webpssm	CCR5	CTRPNNNTRKSIRIGPGQTFYATNGIIGDIRQAHC
95ZATB5_ZA_C_NSI/CCR5_u152_MORRIS_(2001)	webpssm	CCR5	CTRPSNNTRKSIRIGPGQAFYATGDIIGNIRQAYC
95ZATB6_ZA_C_NSI/CCR5_u153_MORRIS_(2001)	webpssm	CCR5	CTRPNNNTRKSVRIGPGQTFYATGGIIGDIRQAHC
95ZATB7_ZA_C_NSI/CCR5_u154_MORRIS_(2001)	webpssm	CCR5	CTRPGNNTRKSMRIGPGQTFYATGDIIGDIREAHC
95ZATB8_ZA_C_NSI/CCR5_u155_MORRIS_(2001)	webpssm	CCR5	CTRPGNNTRKSVRIGPGQVFYATGDIIGDIRQAHC
95ZATB9_ZA_C_NSI/CCR5_u156_MORRIS_(2001)	webpssm	CCR5	CTRPNNNTRKSIRIGPGQAFYATNDIIGDIRHAYC
95ZATB10_ZA_C_NSI/CCR5_u157_MORRIS_(2001)	webpssm	CCR5	CTRPNNNTRQSIRIGPGQTFYATGEIIGNIRQAYC
CHN19_CN_C_NSI/CCR5_u158_CHEN_(2000)	webpssm	CCR5	CTRPNNNTRKSIRIGPGQTFYATGDIIGDIRQAHC
C011_MW_C_CCR5_u159_PING_(1999)	webpssm	CCR5	CTRPNNNTRKSIRIGPGQTFYATGGIIGNIREAHC
S017_MW_C_CCR5_u160_PING_(1999)	webpssm	CCR5	CARPNNNTRKSIRIGPGQAFYATGDIIGDIRQAHC
C120_MW_C_CCR5_u161_PING_(1999)	webpssm	CCR5	CTRPGNNTRKSVRIGPGQTFYATGEIIGNIRQAHC
S018_MW_C_CCR5_u162_PING_(1999)	webpssm	CCR5	CVRPNNNTRKSIRIGPGQTFYA-NDIIGDIRQAHC
S047_MW_C_CCR5_u163_PING_(1999)	webpssm	CCR5	CTRPGNNTRKSVRIGPGQTFYATGDIIGDIRQAHC
S103_MW_C_CCR5_u164_PING_(1999)	webpssm	CCR5	CTRPYNNTRKSMRIGPGQTFYATGDIIGDIRQAHC
S021_MW_C_CCR5_u165_PING_(1999)	webpssm	CCR5	CPRPINNTRWSVRIGPGQTFYATGDIIGDIRQAHC
S007_MW_C_CCR5_u166_PING_(1999)	webpssm	CCR5	CTRPNNNTRKSVRIGPGQTFYATGEIIGDIRQAHC
C012_MW_C_CCR5_u167_PING_(1999)	webpssm	CCR5	CTRPGNNTRRSVRIGPGQAFYATGEIIGNIRRAHC
S080_MW_C_CCR5_u168_PING_(1999)	webpssm	CCR5	CVRPNNNTRRSVRIGPGQTFYATGDIIGDIRQAHC
S191_MW_C_CCR5_u169_PING_(1999)	webpssm	CCR5	CVRPNNNTRKSIRIGPGQTFYATNGIIGDIREAHC
S031_MW_C_CCR5_u170_PING_(1999)	webpssm	CCR5	CTRPNNNTRKSIRIGPGQTFYA-NDIIGDIRQAHC
C018_MW_C_CCR5_u171_PING_(1999)	webpssm	CCR5	CTRPNNNTRKSVRIGPGQAFYATDGIIGDIRQAHC
S009_MW_C_CCR5_u172_PING_(1999)	webpssm	CCR5	CTRPHNNTRKSVRIGPGQTFYATGDIIGDIRQAHC
S180_MW_C_CCR5_u173_PING_(1999)	webpssm	CCR5	CTRPGNNTRTSIRIGPGQTFFANN-IIGDIRQAHC
S083_MW_C_CCR5_u174_PING_(1999)	webpssm	CCR5	CTRPSNNTRKSVRIGPGQTFYATGDIIGDIRQAHC
D259_ZA_C_NSI/CCR5_u175_TRKOLA_(2001)	webpssm	CCR5	CTRPNNNTRESIRIGPGQTFYATGDIIGDIRQAHC
TM1U-R5_ZA_C_CCR5_u8_NICD_(UNPUBL)	webpssm	CCR5	CTRPNNNTRKSMRIGPGQTFYATGEIIGDIRQAHC
TM18cBIO33_ZA_C_NSI/CCR5_u10_COETZER_(IN_PREP)	webpssm	CCR5	CTRPNNNTRRSIRIGPGAAYYANNDIIGDIRQAYC
TM18cU-R5_ZA_C_CCR5_u10_NICD_(UNPUBL)	webpssm	CCR5	CTRPNNNTRISIRIGPGAAYYANNDIIGDIRQAYC
RP1U-R5_ZA_C_CCR5_u11_NICD_(UNPUBL)	webpssm	CCR5	CIRPGNNTRKSVRIGPGQTFYATGQVIGDIRQAHC
SW20U-R5_ZA_C_CCR5_u14_NICD_(UNPUBL)	webpssm	CCR5	CTRPNNNTRKSIRTGRGQTFYVTGQIIGDVRQAHC
SW30U-R5_ZA_C_CCR5_u15_NICD_(UNPUBL)	webpssm	CCR5	CSRPKNNTRKSVRIGPGQAFYATGGVIGNIRQAHC
CM9U-R5_ZA_C_CCR5_u16_NICD_(UNPUBL)	webpssm	CCR5	CARPGNNTRKRIRIGPGYAFYAKEAIVGDIRQAHC
DU151_ZA_C_NSI/CCR5_u18_VAN_HARMELEN_(2001)	webpssm	CCR5	CTRPNNNTRKSIRIGPGQTFYATGEIIGNIREAHC
DU151OCT98_ZA_C_NSI/CCR5_u18_NICD_(UNPUBL)	webpssm	CCR5	CTRPNNNTRKSIRIGPGQTFYATGAIIGNIREAHC
DU151NOV98_ZA_C__NSI/CCR5_u18_COETZER_(SUBM)	webpssm	CCR5	CTRPNNNTRKSIRIGPGQTFYATGEIIGNIREAHC
DU151JUN99_ZA_C__NSI/CCR5_u18_COETZER_(SUBM)	webpssm	CCR5	CTRPNNNTRKSMRIGPGQSFYATGEIIGDIRQAHC
DU151a2BIO_ZA_C_NSI/CCR5_u18_COETZER_(SUBM)	webpssm	CCR5	CTRPNNNTRKSIRIGPGQTFYATGEIIGDIRQAHC
DU179MAY99U-R5_ZA_C_CCR5_u19_NICD_(UNPUBL)	webpssm	CCR5	CTRPGNNTRKSIRIGPGQAFY-TNHIIGDIRQAYC
DU21__ZA_C_NSI/CCR5_u176_NICD_(UNPUBL)	webpssm	CCR5	CTRPSNNTRKSVRIGPGQTFYATNDIIGDIRQAHC
DU23__ZA_C_NSI/CCR5_u177_NICD_(UNPUBL)	webpssm	CCR5	CARPNNNTRKSIRIGPGQAFYATGAIIGNIREAHC
DU104__ZA_C_NSI/CCR5_u178_NICD_(UNPUBL)	webpssm	CCR5	CTRPNNNTRKGVRIGPGQTFYATGDIIGDIRQAHC
DU123NOV98_ZA_C_NSI/CCR5_u179_NICD_(UNPUBL)	webpssm	CCR5	CPRPNNNTRKSIRIGPGQTFYATNDIIGDIRQAHC
DU123MAR00_ZA_C_NSI/CCR5_u179_COETZER_(SUBM)	webpssm	CCR5	CTRPNNNTRKSIRIGPGQTFYATNDIIGDIRQAHC
DU123MAY00_ZA_C_NSI/CCR5_u179_COETZER_(SUBM)	webpssm	CCR5	CTRPNNNTRKSIRIGPGQAFYATNDIIGDIRQAHC
DU123e_ZA_C_NSI/CCR5_u179_COETZER_(SUBM)	webpssm	CCR5	CIRPNNNTRKSIRIGPGQTFYATNDIIGDIRQAHC
DU123f_ZA_C_NSI/CCR5_u179_COETZER_(SUBM)	webpssm	CCR5	CTRPNNNTRKSIRIGPGQTFYATNDIIGDIRQAHC
DU156__ZA_C_NSI/CCR5_u180_NICD_(UNPUBL)	webpssm	CCR5	CTRPNNNTRKSVRIGPGQTFYATGDIIGDIRQAHC
DU281__ZA_C_NSI/CCR5_u181_NICD_(UNPUBL)	webpssm	CCR5	CTRPSNNTRKSIRIGPGQAFFATNAIIGDIRQAHC
DU301__ZA_C_NSI/CCR5_u182_NICD_(UNPUBL)	webpssm	CCR5	CVRPNNNTRKSIRFGPGQAFYATGDILGDIRQAHC
DU332_ZA_C_NSI_u183_NICD_(UNPUBL)	webpssm	CCR5	CTRPNNNTRRSIRIGPGQTFYATGDIIGDIRQAHC
DU368NOV98_ZA_C_NSI/CCR5_u184_COETZER_(SUBM)	webpssm	CCR5	CIRPNNNTRKSIRIGPGQTFYATNAIIGDIRQAHC
DU368FEVB00_ZA_C_NSI/CCR5_u184_COETZER_(SUBM)	webpssm	CCR5	CTRPNNNTRKGIGIGPGQTFYATNAIIGDIRQAHC
DU368MAY00_ZA_C_NSI/CCR5_u184_COETZER_(SUBM)	webpssm	CCR5	CIRPNNNTRKSIRIGPGQTFYATNAIIGDIRQAHC
DU422JAN99_ZA_C__NSI/CCR5_u185_WILLIAMSON_(2003)	webpssm	CCR5	CTRPNNNTRKSVRIGPGQTFYATGEIIGDIREAHC
DU422_ZA_C_NSI/CCR5_u185_VAN_HARMELEN_(2001)	webpssm	CCR5	CTRPNNNTRKSVRIGPGQTFYATGEIIGDIREAHC
DU422_ZA_C_NSI/CCR5_u185_VAN_HARMELEN_(2001)	webpssm	CCR5	CTRPGNNTRKSIRIGPGQAFYATGDIIGDIRQAHC
DU422MAY99_ZA_C_NSI/CCR5_u185_COETZER_(SUBM)	webpssm	CCR5	CTRPNNNTRKSVRIGPGQTFYATGDIIGDIREAHC
DU422MAR00_ZA_C_NSI/CCR5_u185_COETZER_(SUBM)	webpssm	CCR5	CTRPNNNTRKSVRIGPGQTFYATGDIIGDIREAHC
DU422MAY00_ZA_C_NSI/CCR5_u185_COETZER_(SUBM)	webpssm	CCR5	CTRPNNNTRKSIRIGPGQTFYATGDIIGNIREAHC
DU422SEP00_ZA_C_NSI/CCR5_u185_COETZER_(SUBM)	webpssm	CCR5	CTRPNNNTRKSIRIGPGQTFYATGDIIGNIREAHC
COT1_ZA_C_NSI/CCR5_u186_CHOGE_(IN_PRESS)	webpssm	CCR5	CIRPNNNTRKSIRIGPGQTFYATGDIIGDIRKAHC
COT2__ZA_C_NSI/CCR5_u187_CHOGE_(IN_PRESS)	webpssm	CCR5	CVRPNNNTRKSIRIGPGQTFYATGDIIGNIRQAHC
COT9__ZA_C_NSI/CCR5_u188_CHOGE_(IN_PRESS)	webpssm	CCR5	CTRPNNNTRQSIRIGPGQAFFAAKDIIGDIREAHC
PET100__ZA_C_NSI/CCR5_u189_CHOGE_(IN_PRESS)	webpssm	CCR5	CTRPSNNTRKSIRIGPGQAFFATGEIIGDIRQAHC
PET137__ZA_C_NSI/CCR5_u190_CHOGE_(IN_PRESS)	webpssm	CCR5	CIRPNNNTRKSIRIGPGQVFYANNDIIGDIRQAHC
PET192__ZA_C_NSI/CCR5_u191_CHOGE_(IN_PRESS)	webpssm	CCR5	CTRPGNNTRKSIRIGPGQTFYATGDIIGDIRKAYC
PET192M__ZA_C_NSI/CCR5_u191_CHOGE_(IN_PRESS)	webpssm	CCR5	CTRPGNNTRKSIRIGPGQTFYATGDIIGDIRKAHC
PET60__ZA_C_NSI/CCR5_u192_CHOGE_(IN_PRESS)	webpssm	CCR5	CTRPNNNTRKSIRIGPGQAFYATNDIIGDIRQAHC
PCP1__ZA_C_NSI/CCR5_u193_COETZER_(SUBM)	webpssm	CCR5	CTRPNNNTRKSIRIGPGQTFYATGDIIGDIRQAHC
TM3__ZA_C_NSI/CCR5_u194_CHOGE_(IN_PRESS)	webpssm	CCR5	CTRPGNNTRKSIRIGPGQTFYA-NDIIGDIRQAYC
TM5__ZA_C_NSI/CCR5_u195_CHOGE_(IN_PRESS)	webpssm	CCR5	CTRPNNNTRQSIRIGPGQTFFATKGIIGDIRQAYC
TM6__ZA_C_NSI/CCR5_u196_CHOGE_(IN_PRESS)	webpssm	CCR5	CTRPNNNTRKSIRIGPGQTFYATGDIIGDIRQAHC
TM7__ZA_C_NSI/CCR5_u197_CHOGE_(IN_PRESS)	webpssm	CCR5	CTRPNNNTRRSMRIGPGQAFYATGDIIGDIRQAHC
TM10__ZA_C_NSI/CCR5_u198_CHOGE_(IN_PRESS)	webpssm	CCR5	CTRPNNNTRKSIRIGPGQTFYATN-IIGDIRQAYC
TM12__ZA_C_NSI/CCR5_u199_COETZER_(SUBM)	webpssm	CCR5	CTRPNNNTRQSVRIGPGQVFYATNDIIGDIRQAYC
TM19__ZA_C_NSI/CCR5_u200_CHOGE_(IN_PRESS)	webpssm	CCR5	CTRPSNNTRTSVRIGPGQTFYATGDIIGDIRQAHC
TM20__ZA_C_NSI/CCR5_u201_CHOGE_(IN_PRESS)	webpssm	CCR5	CTRPNNNTRTSTRIGPGQAFYATGDIIGDIRQAHC
TM21__ZA_C_NSI/CCR5_u202_CHOGE_(IN_PRESS)	webpssm	CCR5	CTRPNNNTRKSIRIGPGQTFYATGEIIGDIRQAHC
TM24__ZA_C_NSI/CCR5_u203_CHOGE_(IN_PRESS)	webpssm	CCR5	CTRPGNNTRKSVRIGPGQTFFATGDIIGNIRLAHC
TM25__ZA_C_NSI/CCR5_u204_CHOGE_(IN_PRESS)	webpssm	CCR5	CTRPNNNTRQGIGIGPGQTFYAHTNIIGDIRQAHC
TM26__ZA_C_NSI/CCR5_u205_CHOGE_(IN_PRESS)	webpssm	CCR5	CIRPGNNTRRSVRIGPGQTFFATGDIIGDIRQAHC
TM29__ZA_C_NSI/CCR5_u206_CHOGE_(IN_PRESS)	webpssm	CCR5	CTRPNNNTRKSVRIGPGQTFYATGDIIGDIRQAHC
TM31__ZA_C_NSI/CCR5_u207_CHOGE_(IN_PRESS)	webpssm	CCR5	CTRPGSNTRRSIRIGPGQAFY-TQDIIGDIRQAHC
TM32__ZA_C_NSI/CCR5_u209_CHOGE_(IN_PRESS)	webpssm	CCR5	CTRPSTYIKKEYGIGPGQTFYATGEIIGNIRQAHC
SW4__ZA_C_NSI/CCR5_u209_CHOGE_(IN_PRESS)	webpssm	CCR5	CTRPSNNTRKSIRVGPGQSFHATGEIIGDIRQAHC
SW5__ZA_C_NSI/CCR5_u210_CILLIERS_(2003)	webpssm	CCR5	CTRPNNNTRKSIRIGPGQAFYATGDIIGDIRQAHC
SW9__ZA_C_NSI/CCR5_u211_COETZER_(SUBM)	webpssm	CCR5	CTRPNNNTRKSVRIGPGQTFYAEGEIIGNIRQAHC
SW14__ZA_C_NSI/CCR5_u212_CILLIERS_(2003)	webpssm	CCR5	CIRPNNNTSKSIRIGPGQTFYATGRIIGDIRQAHC
SW16__ZA_C_NSI/CCR5_u213_CILLIERS_(2003)	webpssm	CCR5	CTRPNNNTRKSVRIGPGQTFYATGDIIGDIRQAHC
SW22__ZA_C_NSI/CCR5_u214_CILLIERS_(2003)	webpssm	CCR5	CTRPSNNTRKSIRIGPGQAFYATNEIIGDIRQAHC
SW23__ZA_C_NSI/CCR5_u215_CILLIERS_(2003)	webpssm	CCR5	CARPNNNTRKSVRIGPGQTFYATGGIIGDIRQAHC
SW26__ZA_C_NSI/CCR5_u216_CILLIERS_(2003)	webpssm	CCR5	CTRPSNNTRTSVRIGPGQTFFATNDVIGDIRQAHC
SW29__ZA_C_NSI/CCR5_u217_CILLIERS_(2003)	webpssm	CCR5	CTRPGNNTRKSVRIGPGQTFYATGDIIGNIRQAHC
SW34__ZA_C_NSI/CCR5_u220_CILLIERS_(2003)	webpssm	CCR5	CTRPNNNTTTSVRIGPGQTFYATGDIIGNIRAAHC
95ZW748_ZW_C_SI_u1_BATRA_(2000)	webpssm	CXCR4	CTRPNNNVRKHIRIGIGKVFYA-NDIIGDIRQARC
95ZW2036_ZW_C_SI_u2_BATRA_(2000)	webpssm	CXCR4	CIRPGNNTRKSIRIGPGQVFYAATNIIGNIRQAHC
95ZW2288_ZW_C_SI_u3_BATRA_(2000)	webpssm	CXCR4	CTRPNNNTRKSVRIGPGQVFYA-NDIIGDIRQAHC
ET030_ET_C_SI/CXCR4_u4_ABEBE_(1999)	webpssm	CXCR4	CTRPNNNTRKSIRIGPGQAFYATGTIIGDIRQAHC
ET074_ET_C_SI/CXCR4_u5_ABEBE_(1999)	webpssm	CXCR4	CTRPNNNTRKSIGIGPGQAFYARGDIIGDIRQAFC
ET074MT_ET_C_SI/CXCR4_u5_ABEBE_(1999)	webpssm	CXCR4	CTRPNYTKRRSIGIGPGQAFFARGGITGDIRQAFC
ET079MT_ET_C_SI/CXCR4_u6_ABEBE_(1999)	webpssm	CXCR4	CTRPNNNIRKSVRIGRGHTFYATGAIRGDIRQTHC
ET030MT_ET_C_SI/CXCR4_u4_ABEBE_(1999)	webpssm	CXCR4	CTRPYNTIRKRIKIGPGHAFHTTKTIRGDIRQAFC
ET030A6_ET_C_SI/CXCR4_u4_ABEBE_(1999)	webpssm	CXCR4	CTRPYNTIRTRIKIGPGHAFHTTKTIRGDIRQAFC
ET030A11_ET_C_SI/CXCR4_u4_ABEBE_(1999)	webpssm	CXCR4	CTRPYNTIRKRIKIGPGHAFHTTKTIRGDIRQAFC
ET030A12_ET_C_SI/CXCR4_u4_ABEBE_(1999)	webpssm	CXCR4	CTRPYNTIRTRIKIGPGHAFHTTKTIRGDIRQAFC
ET030B6_ET_C_SI/CXCR4_u4_ABEBE_(1999)	webpssm	CXCR4	CTRPNNNTRKSIRIGPGHAFHATGAIIGDIRQAYC
ET030C11_ET_C_SI/CXCR4_u4_ABEBE_(1999)	webpssm	CXCR4	CTRPYNTIRTRIKIGPGHAFHTTKTIRGDIRQAFC
ET030F7_ET_C_SI/CXCR4_u4_ABEBE_(1999)	webpssm	CXCR4	CTRPYNTIRKRIKIGPGHAFHTTKTIKGDIRQANC
ET074C1_ET_C_SI/CXCR4_u5_ABEBE_(1999)	webpssm	CXCR4	CTRPNYTKRRSIGIGPGQAFFARGGITGDIRQAFC
ET074C4_ET_C_SI/CXCR4_u5_ABEBE_(1999)	webpssm	CXCR4	CTRPNYTKRRSIGIGPGQAFFARGGIGRDIRQAFC
ET074D6_ET_C_SI/CXCR4_u5_ABEBE_(1999)	webpssm	CXCR4	CTRPNYTKRRSIGIGPGQAFFARGGIGRDIRQAFC
ET074E7_ET_C_SI/CXCR4_u5_ABEBE_(1999)	webpssm	CXCR4	CTRPNYTKRRSIGIGPGQAFFARGGIGRDLRQAFC
ET074F3_ET_C_SI/CXCR4_u5_ABEBE_(1999)	webpssm	CXCR4	CTRPNYSKRRSIGIGPGQAFFARGGITGDIRQAFC
ET074G2_ET_C_SI/CXCR4_u5_ABEBE_(1999)	webpssm	CXCR4	CTRPNYTKRRSIGIGPGQAFFARGGITGDIRQAFC
ET074H1_ET_C_SI/CXCR4_u5_ABEBE_(1999)	webpssm	CXCR4	CKRPNINKRKSIGIGPGQGFLARGGITGDIRQAFC
ET074H3_ET_C_SI/CXCR4_u5_ABEBE_(1999)	webpssm	CXCR4	CTRPNYIKRKSIGIGPGQAFFARGGIGRDLRQAFC
ET079B8_ET_C_SI/CXCR4_u6_ABEBE_(1999)	webpssm	CXCR4	CTRPNNNIRKSVRIGRGHTFYATGAIKGNIRQAHC
ET079E7_ET_C_SI/CXCR4_u6_ABEBE_(1999)	webpssm	CXCR4	CTRPNNNIRKSVRIGRGHTFYATGAIRGNIRQTHC
ET079H8_ET_C_SI/CXCR4_u6_ABEBE_(1999)	webpssm	CXCR4	CTRPNNNIRKSVRIGRGHTFYATGNIIGDIRQAHC
TV005_ZA_C_SI/R5X4_u7_TREURNICHT_(2002)	webpssm	CXCR4	CTRPNNNTRKSIRIGPGQTFYATGDIIGDIRQAHC
ET074E2_ET_C_SI/CXCR4_u5_ABEBE_(1999)	webpssm	CXCR4	CTRPNNNTRKSIGIGPGQAFYARGDIIGDIRQAFC
ET079A1_ET_C_SI/CXCR4_u6_ABEBE_(1999)	webpssm	CXCR4	CTRPNNNTRKSVRIGPGQTFYATGAIIGDIRQAHC
ET079A7_ET_C_SI/CXCR4_u6_ABEBE_(1999)	webpssm	CXCR4	CTRPNNNTRKSVRIGPGQTFYATGAIIGDIRQAHC
ET079B12_ET_C_SI/CXCR4_u6_ABEBE_(1999)	webpssm	CXCR4	CTRPNNNTRKSVRIGPGQTFYATGAIIGDIRQAHC
ET079F5_ET_C_SI/CXCR4_u6_ABEBE_(1999)	webpssm	CXCR4	CIRPNNNTRKSVGIGPGQAFYATGDIIGDIRQAHC
TM1__ZA_C_SI/R5X4_COETZER_(SUBM)	webpssm	CXCR4	CTRPNNNTRKNVRIGRGQTFYANGRIIGNIRQAHC
TM2__ZA_C_SI/CXCR4_COETZER_(SUBM)	webpssm	CXCR4	CARPGNNTRKMMRIGRGQTFYANGQVIGDIRQAHC
TM9__ZA_C_SI/CXCR4_COETZER_(SUBM)	webpssm	CXCR4	CTRPYYNKRRSMRIGRGQALYATKEITGDIRRAYC
TM18c_ZA_C_SI/R5X4_u10_COETZER_(SUBM)	webpssm	CXCR4	CTRPNNNTRRSIRIGPGAAYYANNDIIGDIRQAYC
RP1__ZA_C_SI/R5X4_COETZER_(SUBM)	webpssm	CXCR4	CIRPGNNTRKRVRLGPGQTFYATGRVIRDIRQAHC
99ZASW7_ZA_C_CXCR4_u12__PAPATHANASOPOULOS_(2002)	webpssm	CXCR4	CTRPGSNKQRIRNIGPGRAFHTNG-VIGDIRKAYC
SW12_ZA_C_SI/CXCR4_u13_CILLIERS_(2003)	webpssm	CXCR4	CMRPGNNTRKRVRIGPRQTFYAPGGINKDIRQAHC
SW20_ZA_C_SI/R5X4_u14_CILLIERS_(2003)	webpssm	CXCR4	CTRPNNNTRKSIRTGRGQTFYVTGQIIGDVRQAHC
SW30c_ZA_C_SI/R5X4_u15_NICD_(UNPUBL)	webpssm	CXCR4	CTRPNNNTRKSVRIGRGLSFYTTGKVLGNIRQAHC
SW30sr_ZA_C_SI/R5X4_u15_CILLIERS_(2003)	webpssm	CXCR4	CTRPNNNTRKSVRIGRGHAFYTTGKVIGNIRQAHC
99ZACM9_ZA_C_R5X4_u16_PAPATHANASOPOULOS_(2002)	webpssm	CXCR4	CARPGNNTIKRIRIGPRYAFYAKETIIGDIRQAHC
DU36_ZA_C_SI_u17_COETZER_(SUBM)	webpssm	CXCR4	CTRPDNNISMKRIKGPGRAFVATKGIKGDIRQAHC
DU151MarchOO_ZA_C_SI/R5X4_u18_MP_NICD_(UNPUBL)	webpssm	CXCR4	CTRPNSNKRRGVRIGPGLSFFATRKIIGDIRQAHC
DU151MayOO_ZA_C_SI/R5X4_u18_MP_NICD_(UNPUBL)	webpssm	CXCR4	CTRPNSNKRRGVRIGPGLAFFATRKIIGDIRQAHC
DU151MT2_ZA_C_SI/CXCR4_u18_COETZER_(SUBM)	webpssm	CXCR4	CTRPNSNKRRGVRIGPGLSFFATRRIIGDIRQAHC
DU179MAR99_ZA_C_SI_u19_COETZER_(SUBM)	webpssm	CXCR4	CTRPGNNTRKSIRIGPGQAFY-TNHIIGDIRQAHC
DU179MAY99_ZA_C_SI/R5X4_u19_VAN_HARMELEN_(2001)	webpssm	CXCR4	CTRPGNNTRKSIRIGPGQAFY-TNHIIGDIRQAYC
DU179FEB00_ZA_C_SI/R5X4_u19_COETZER_(IN_PREP)	webpssm	CXCR4	CTRPGNKTRRSIRIGPGQAFYTTNTI-GDIRQASC
DU179MAY00_ZA_C_SI/R5X4_u19_COETZER_(IN_PREP)	webpssm	CXCR4	CTRPGNKTIRSIRLGPGQAFY-TNK--GDIRQASC
DU179D_ZA_C_SI/CXCR4_u19_COETZER_(IN_PREP)	webpssm	CXCR4	CTRPGNKTIRSIRIGPGRTFY-TNK--GDIRQAYC
C.ZM.89.ZM20__phen_SI	webpssm	validation	CARPGNNTRKSIRIGPGQTFFATGAIIGDIRQAHC
C.ZW.01.TC28_2__phen_SI	webpssm	validation	CGRPNNHRIKGLRIGPGRAFFAMGAIGGEIRQAHC
C.ZW.01.TC03_1__phen_SI	webpssm	validation	CIRPGNNTSKSIRIGQRRPVYVH-KIIGDIRQAHC
C.ET.97.PHD79C1__phen_SI	webpssm	validation	CIRPNNNTRKSVRIGPGQAFYATGDIIGDIRQAHC
C.ZW.01.TC28_1__phen_SI	webpssm	validation	CMRPNNNTRKSVRIGPGQTFFATGAIIGNIRQAHC
AC.RW.92.92RW009_di1sCD__phen_SI	webpssm	validation	CPRPNNNTRKSVHIGPGQAFYATGDVIGDIRQAYC
AC.RW.92.92RW009_1gCR_AC.RW.92.92RW009_1gER_AC.RW.92.92RW009_14_AC.RW.92.92RW009_2_AC.RW.92.92RW009_3_AC.RW.92.92RW009_4_A1C.RW.92.92RW009_06__phen_SI_SI_SI_SI_SI_SI_SI	webpssm	validation	CSRPNNNTRKSVHIGPGQAFYATGDVIGDIRQAYC
C.ZW.01.TC22__phen_SI	webpssm	validation	CTRPGNKTRQSIRIGRGQSFHATGAIIGDIRKAYC
C.ZW.01.TC30__phen_SI	webpssm	validation	CTRPGNNT-----IGPGRTFYATDRIIGDIRQAHC
C.ZW.01.TC29__phen_SI	webpssm	validation	CTRPGNNTRKGLRIGPGRTIYATEVTVGDIRQAYC
C.ZA.99.DU179__phen_SI	webpssm	validation	CTRPGNNTRKSIRIGPGQAFYTNH-IIGDIRQAYC
A1C.SE.96.SE9488__phen_SI	webpssm	validation	CTRPGNNTRRSVHIGPGQAFYATGDITGDIRKAHC
C.ZW.01.TC25__phen_SI	webpssm	validation	CTRPGNNTRRSVRIGPGQSFHATGTIIGDIRQAHC
C.ZW.01.TC03_2__phen_SI	webpssm	validation	CTRPGNNTRTSIRIGPGQTFYTS-KVIGDIRQAHC
C.ZA.99.ZASW7__phen_SI	webpssm	validation	CTRPGSNKQRNIRIGPGRAFHTNGVI-GDIRKAYC
C.ZW.01.TC13__phen_SI	webpssm	validation	CTRPNN-TRKSVGIGPGKTFYAHGEVIGNIRQAHC
C.ZA.99.99ZASW20_C.ZA.99.99ZASW20__phen_SI_SI	webpssm	validation	CTRPNNNTRKSIRIGRGQTFYVTGQIIGDVRQAHC
C.ZW.x.Z2288__phen_SI	webpssm	validation	CTRPNNNTRKSVRIGPGQVFYAN-DIIGDIRQAHC
C.ZW.01.TC08__phen_SI	webpssm	validation	CTRPNNNTRKSVRIGRGQAIYAKKAIIGDIRQAHC
C.ZW.01.TC23__phen_SI	webpssm	validation	CTRPNNNTRKSVRIGRGQTFYATG-IVGDIRQAHC
C.ZW.x.Z748__phen_SI	webpssm	validation	CTRPNNNVRKHIRIGIGKVFYAN-DIIGDIRQARC
C.ET.97.PHD74E7__phen_SI	webpssm	validation	CTRPNYIKRKSIGIGPGQAFFPRGGIGRDIRQAFC
C.ZW.01.TC04__phen_SI	webpssm	validation	CTRPSNNTRKSARVGPGQAFYAIKKIIGDIRQAHC
C.ET.97.074D3__phen_SI	webpssm	validation	CTRPNNNTRKSIGIGPGQAFYARGDIIGDLRQAFC
C.SN.90.90SE_364__phen_NSI	webpssm	validation	CARPNNNTRKSMRIGPGQTFYATGDIIGDIRQAHC
C.ZA.99.99ZASW35__phen_NSI	webpssm	validation	CARPNNNTRTSVRIGPGQAFYATNDIIGKIRQAHC
C.ZW.01.TC26__phen_NSI	webpssm	validation	CIRPGNNTRKSVRIGPGQAFFATGDIIGNIRQAHC
C.ZA.90.90ZA514__phen_NSI	webpssm	validation	CIRPGNNTRKSVRIGPGQTFFATGEIIGKIREAHC
C.FR.93.FRMP169__phen_NSI	webpssm	validation	CIRPGNNTRKSVRIGPGQTFYATGDIIGDIRKAYC
C.ZA.98.98ZA528__phen_NSI	webpssm	validation	CIRPGNNTRQSIRIGPGQTFFATGDIIGDIRQALC
C.ZW.01.TC19__phen_NSI	webpssm	validation	CIRPGNNTRQSVRIGPGQTFYATGDIIGDIREAHC
A1CDGKU.ZA.99.CM4__phen_NSI	webpssm	validation	CIRPTNNTRQSIRFGPGQVFFGTDV-IGDIRQAHC
C.ZA.98.TV007A_C.ZA.98.TV007B__phen_NSI_NSI	webpssm	validation	CPRPNHNTRRSIRIGPGQAFYATGDIIGDIRQAHC
C.ZW.01.TC17__phen_NSI	webpssm	validation	CTR-GNNTRKSVRIGPGQTFYATGEIIGDIRKAHC
C.ZA.99.99ZASW38_1__phen_NSI	webpssm	validation	CTRPGNNPRKSVRIGPGQAFYATGDIIGDIRQAYC
C.FR.90.FRMP19__phen_NSI	webpssm	validation	CTRPGNNTRESIRIGPGQTFYATGDIIGDIRQAHC
C.ZW.01.TC35__phen_NSI	webpssm	validation	CTRPGNNTRKSIRIGPGQAFYATGEIIGDIRQAHC
C.ZW.01.TC31__phen_NSI	webpssm	validation	CTRPGNNTRKSIRIGPGQAFYATGGIIGDIRQAHC
C.FR.93.FRMP129__phen_NSI	webpssm	validation	CTRPGNNTRKSIRIGPGQTFYATGDIIGDIRQAHC
C.FR.92.FRMP148__phen_NSI	webpssm	validation	CTRPGNNTRKSMRIGPGQTFYATGAIIGDIRQAHC
C.ZA.99.99ZASW38_2__phen_NSI	webpssm	validation	CTRPGNNTRKSVRIGPGQAFYATGDIIGDIRKAYC
C.ZA.92.92ZA517__phen_NSI	webpssm	validation	CTRPGSNTRKSIRIGPGQAFFATGDIIGDIRQAHC
C.FR.92.FRMP41__phen_NSI	webpssm	validation	CTRPHNNTRKSIRIGPGQTFYATGDIIGDIRQAHC
C.ZA.98.98ZA502__phen_NSI	webpssm	validation	CTRPHNNTRKSVRIGPGQAFYATGDIIGNIRQAHC
C.MW.93.960__phen_NSI	webpssm	validation	CTRPNN-TRKSIRIGPGQTFYATNEIIGN-REAHC
C.ZW.01.TC39__phen_NSI	webpssm	validation	CTRPNNN-RESVRIGPGQVFYA-NGIIGDIRQAHC
C.ZW.01.TC24__phen_NSI	webpssm	validation	CTRPNNNTRDSVRIGPGQVFYANKGIIGDIRQAHC
C.ZW.01.TC12__phen_NSI	webpssm	validation	CTRPNNNTRESVRIGPGQVFYATGDIIGNIRQAHC
BC.BR.92.92BR023_BC.BR.92.92BR023__phen_NSI_NSI	webpssm	validation	CTRPNNNTRKSIHIGPGKAFYATGEIIGNIRQAYC
C.ZA.98.TV014__phen_NSI	webpssm	validation	CTRPNNNTRKSINLGQGRAWYATGAIIGDIRQAHC
C.ET.97.085__phen_NSI	webpssm	validation	CTRPNNNTRKSIR-GPGQTFYATGDI-GNIRQAHC
C.ZA.98.TV008A_C.ZA.98.TV008B__phen_NSI_NSI	webpssm	validation	CTRPNNNTRKSIRIGPGQTFFATNDIIGDIRQAYC
C.ZW.01.TC07__phen_NSI	webpssm	validation	CTRPNNNTRKSIRIGPGQTFYATGDIIGNIRQAHC
C.ZW.01.TC27__phen_NSI	webpssm	validation	CTRPNNNTRKSIRIGPGQVFYAPGDIIGDIRQAHC
C.ZW.01.TC34__phen_NSI	webpssm	validation	CTRPNNNTRKSIRIGPGQVFYATGEIIGDIRQAHC
C.ZW.01.TC11__phen_NSI	webpssm	validation	CTRPNNNTRKSIWLGPGQAFYA-N-IIGDIRQA-C
C.ZA.98.98ZA445__phen_NSI	webpssm	validation	CTRPNNNTRKSMRIGPGQTFFATGDIIGNIRQAHC
C.ZW.01.TC36__phen_NSI	webpssm	validation	CTRPNNNTRKSVGIGPGQAIYATGAIIGDIRQAYC
C.ZA.98.TV001A_C.ZA.98.TV001B_C.ZA.98.TV001__phen_NSI_NSI_NSI	webpssm	validation	CTRPNNNTRKSVRIGPGQAFYATNDVIGNIRQAHC
C.ZW.01.TC02__phen_NSI	webpssm	validation	CTRPNNNTRKSVRIGPGQTFYATNGIIGDIRQAHC
C.ET.02.02ET_288__phen_NSI	webpssm	validation	CTRPNNNTRQSIRIGPGQTFYATGEIIGDIRQAHC
C.ZW.01.TC16__phen_NSI	webpssm	validation	CTRPNNNTRRSIRIGPGQAFY-TQKIIGDIRQAHC
C.ZA.98.TV018__phen_NSI	webpssm	validation	CTRPNNNTRRSMRIRPGQTFYATGEIIGDIRQAYC
A2C.ZA.98.DU178__phen_NSI	webpssm	validation	CTRPNNNTRRSVRIGPGQAFY-TSDIIGDIREAHC
C.FR.92.FRMP130__phen_NSI	webpssm	validation	CTRPNNNTRRSVRIGPGQTFYATGAIIGDIRQAHC
C.ZW.01.TC15__phen_NSI	webpssm	validation	CTRPNNNTRTSVRIGPGQAFY-TQDIIGNIRQAYC
C.ZW.01.TC33__phen_NSI	webpssm	validation	CTRPNNNTRTSVRIGPGQAFYATGDIIGDIRQAHC
C.FR.93.FRMP37__phen_NSI	webpssm	validation	CTRPSNNTRKSIRIGPGQAFYATNGIIGDIRAAHC
C.ZW.01.TC32__phen_NSI	webpssm	validation	CTRPSNNTRKSVWLGPGRAFYT-NKVIGNIRKAHC
C.FR.91.FRMP197__phen_NSI	webpssm	validation	CTRPYNNTRQSIRIGPGQTFYATGDIIGDIRKAHC
C.SO.89.89SM_145__phen_NSI	webpssm	validation	CTRYANNTRKSVRIGPGQTFY-TNDIIGDIRQAHC
