XA04321	CXCR4	CTRPNNNTRKSIRIQRGPGRAFVTIGKIGNMRQAHC
XAB014785	CXCR4	CTRPSNPTRTRITMGPGRVWYRTGEITGSIRKAYC
XAB014791	CXCR4	CTRPSNPTRTRITMGPGRVWYRTGEITGSIKKAYC
XAB014793	CXCR4	CTRPSNPTRTRITMGPGRVWYRTGDIIGDIRQAYC
XAB014796	CXCR4	CTRPSNTTRTRITMGPGRVWYRTGEITGNIRKAYC
XAB014801	CXCR4	CTRPSNPTRTRITMGPGRVWYRTGEITGNIRKAYC
XAB014810	CXCR4	CTRPSNNTRTRVTLGPGRVWYRTGEIIGDMRKAYC
XAF021627	CXCR4	CTRPNNNTRRRIYIGQGRAVYTTKQIVGDIRKAYC
XAF021628	CXCR4	CTRPNNNTRKRIYIGQGRAVYTTRQIVGDIRKAYC
XAF021630	CXCR4	CTRPNNNTRKRIYIGQGRAVYTTKQIVGDIRKAYC
XAF021647	CXCR4	CTRPNNNTRKRIYIGQGRAVYTTRQIIGDIRKAYC
XAF021668	CXCR4	CTRPNNNTRNRIYIGQGRAVYTTKQIVGDIRKAYC
XAF021670	CXCR4	CTRPNNNTRNRIYIGQGRAVYTTKQIIGDIRKAYC
XAF033819	CXCR4	CTRPNNNTRKRIRIQRGPGRAFVTIGKIGNMRQAHC
XAF034375	CXCR4	CTRPNNYKRKRITTGPGKVLYTTGQIIGDIRRAHC
XAF034376	CXCR4	CTRPNNYKKKRITTGPGRVLYTTGQIIGDIRRAYC
XAF034377	CXCR4	CTRPNNYKKKRITVGPGRVLYTTGQIIGDIRRAHC
XAF034378	CXCR4	CTRPNNYKKKRITIGPGRVLYTTGQIIGDIRRAYC
XAF034379	CXCR4	CTRPNNYKRKRITTGPGRVLYTTGQIIGDIRRAYC
XAF034385	CXCR4	CTRPYNYKKKKITTGPGRVLYTTEEIIGDIRRAHC
XAF035534	CXCR4	CTRPNNNIRKRIHIGPGRAFYTTRQIIGNIRQAHC
XAF069672	CXCR4	CIRPYHNTRTRIHIGPGRSFYTGDIKGSIRQAHC
XAF075720	CXCR4	CTRPNYNKRKRIHIGPGRAFYTTKNIKGTIRQAHC
XAF082390	CXCR4	CTRPNNNTRKSIHIGPGGAFYATGDIIGDIRQAHC
XAF146728	CXCR4	CMRPNNNTRKGIYVGPGRHIYATEKIVGDIRQAHC
XAF180915	CXCR4	CTRPNNNVRKRISLSPGRVYYTTGEIRGDIRKAYC
XAF189159	CXCR4	CTKPNNNTRKRIRIQRGPGRAFVTVGKIGNMRQAHC
XAF258981	CXCR4	CTRPNKNIRKGLRLGPGRAFYTMGGIVGYIRQAHC
XAF258985	CXCR4	CTRPNKNIRKGLRLGPGRAFYTMGGIVGNIRQTHC
XAF258988	CXCR4	CTRPNKTTRKGLRLGPGRAFYTMGGIVGYIRQAHC
XAF258999	CXCR4	CTRPNKTTRKGLRLGPGRAFYTLGGIVGYIRQAHC
XAF259003	CXCR4	CTRPNKTIRKGLRLGPGRAFYTMGRIEGYIRQAHC
XAF259009	CXCR4	CTRPNKTIRKGLRLGPGRAFYTMGGIEGYIRQAHC
XAF259049	CXCR4	CTRPGNNTRRRISIGPGRAFYTTEQIIGNIRQAHC
XAF307749	CXCR4	CVRPYRNIKIQRTPIGLGQALYTTKRIGHIGQAHC
XAF307758	CXCR4	CSRPYKKERQRTHIGPGQALYTTRTTRVEGNIRQAHC
XAF310132	CXCR4	CTRPNNYTRKHIHLGARKAFYTGEIVGDIRQAHC
XAF355319	CXCR4	CTRPGNNTRKSIRIGIGRGQTFYANGRVVGDIRQAHC
XAF355320	CXCR4	CTRPGNPIRKRIGIGPGQAFHATGNIIGDIRRAQC
XAF355330	CXCR4	CTRPNNNTKKGIRTGIGAGQTFYATGKIIGDIRQAHC
XAF355336	CXCR4	CTRPANNTRRAIGIGPGRKYYATDKIIGNIRQAHC
XAF355708	CXCR4	CTRPSNKIRTSFRIGPGQVFYRTGDITGDIRKAYC
XAF355733	CXCR4	CTRPGNKTIKSISLGPGRAFSATRQIIGDIRKAYC
XAF355743	CXCR4	CTRPGNKTIRSISLGPGRAFSATRQIIGDIRKAYC
XAF355744	CXCR4	CTRPGNKTIRSISLGPGRAFSVTRQIIGDIRKAYC
XAF391548	CXCR4	CSRPYENKRRRTPIGLGQAYYTTKLKGYIRPAHC
XAF411966	CXCR4	CTRPGSNKQRIRNIRIGPGRAFHTNGVIGDIRKAYC
XAJ810482	CXCR4	CTRHHEIIKRRKLHIGPGRPFYTAEIGDRRKAYC
XAM156912	CXCR4	CIRPFYKTRKSVRVGLGRAYLTERIRGDIRQAHC
XAM156914	CXCR4	CIRPGINTRQGVRIGPGRAFFIRNNIIGDIRKAFC
XAM156915	CXCR4	CTRPNNYTRKGIRIGPGRAVYAAEKIVGNIRQAHC
XAM156919	CXCR4	CTRPHNTIKRRIHIGPGRAFYTTKGIQGDLRQAHC
XAM279344	CXCR4	CTRPYKNIRRRIHIGPGRAFYATSGIEGGIRQAYC
XAM279349	CXCR4	CTRPGNNIRRSVRIGIGPGRKFYTTGDITGNIRQAHC
XAM279356	CXCR4	CTRPGKIKKRHVRIGPGRAFWITGDIGGYIRQAHC
XAY173951	CXCR4	CTRPNNYTRKRITMGPGRVYYTTGEIIGDIRRAHC
XAY189526	CXCR4	CTRVSKNIRQKRIKIGPGRAFVATGDIGDIRKAHC
XAY230878	CXCR4	CMRPGNNTRKRVRIGIGPRQTFYAPGGINKDIRQAHC
XAY265948	CXCR4	CMRPNNNTRKSVRIGPGQTFFATGAIIGNIRQAHC
XAY265949	CXCR4	CGRPNNHRIKGLRIGPGRAFFAMGAIGGGEIRQAHC
XAY271690	CXCR4	CTRPGNPIRKRVGIGPGQAFHATGNIIGDIRRAQC
XAY494967	CXCR4	CTRPFYTRISMTRGPGHVFYRTGKIVGDPRKAYC
XAY529678	CXCR4	CARPGNNTRKMMRIGIGRGQTFYANGQVIGDIRQAHC
XAY529679	CXCR4	CTRPYYNKRRSMRIGIGRGQALYATKEITGDIRRAYC
XAY619730	CXCR4	CTRPYNNTRRSTHIGLGRVYYITKIIGDTRQAHC
XAY619735	CXCR4	CTRPYNNTRRSTHIGPGRVYYITKIIGDTRQAHC
XAY619736	CXCR4	CTRPYNNTRRSTHIGPGRVYYITRIIGDTRQAHC
XAY619739	CXCR4	CTRPYNNTRQSTHIGPGRAYYTTRIIGDIRQAHC
XAY619752	CXCR4	CTRPYNNTRRSTHIGLGRIYYITKIIGDTRQAHC
XAY619753	CXCR4	CTRPYNNTRRSTHIGPGRVYYMTKIIGDTRQAHC
XAY619756	CXCR4	CTRPYNNTRRSTHIGLGQVYYITKIIGDTRQAHC
XAY619763	CXCR4	CTRPYNNTRRSTHIGLGRVYYMTKIIGDTRQAHC
XAY619768	CXCR4	CTRPYNNTRRSTHIGLGRVYYITKVIGDTRQAHC
XAY619769	CXCR4	CTRPYNNTRRSTHIGPGRAYYITRIIGDIRQAHC
XAY619797	CXCR4	CTRPYTTTRRSTGIGPGRASYIAKIGNIRQAYC
XAY619798	CXCR4	CTRPYTTIRQSTGIGPGRASYIAKIGNIRQAHC
XAY619799	CXCR4	CTRPYTTTRQSTGIGPGRASYIAKIGNIRQAYC
XAY619801	CXCR4	CSRPYTTTRRSTGIGPGRASYIEKIGNIKQAYC
XAY619802	CXCR4	CSRPYTTIRRSTGIGPGRASYIEKIGNIKQAYC
XAY619803	CXCR4	CTRPYNNTRQSTHIGPGRAWYTTRIIGDIRQAYC
XAY619804	CXCR4	CTRPYTTIRRSTGIGPGRASYIAQIGNIRQAYC
XAY619805	CXCR4	CSRPYTTIRKSTGIGPGRASYIAKIGDIKQAHC
XAY619806	CXCR4	CTRPYNNTRQSTHIGPGRAWYTTKIIGDIRQAYC
XAY619807	CXCR4	CSRPYTTIRRSTGIGPGRASYIAKIGNIKQAHC
XAY619808	CXCR4	CTRPYTTIRRSTGIGPGRASYIAKIGNIKQAHC
XAY619809	CXCR4	CTRPYYTTRRSTGVGPGRASYIAKITGDIRQARC
XAY619810	CXCR4	CSRPYTTIRKSTGIGPGRASYIAKIGDIRQAYC
XAY619813	CXCR4	CSRPYTTLRKSTGIGPGRASYIAKIGDIRQAYC
XAY619815	CXCR4	CSRPYTTLRKSTGIGPGRASYIAKIGNIKQAYC
XAY619821	CXCR4	CSRPYTTIRRSTGIGPGRASYIAKITGDIRQARC
XAY619822	CXCR4	CSRPYTTTRKSTGIGPGRASYIAKIGDIKQAYC
XAY619823	CXCR4	CSRPYTTTRKSTGIGPGRASYIAKIGDIRQAYC
XAY619824	CXCR4	CSRPYTTIRKSTGIGPGRASYIAKIGNIKQAYC
XAY619828	CXCR4	CSRPYTTIRKSTGIGPGRASYIEKIGTIKQAYC
XAY619834	CXCR4	CSRPYTTIRKSTGIGPGRASYIAKIGNIKQAHC
XAY619835	CXCR4	CTRPYTTTRRSTGIGPGRASYIAKIGNIRQAHC
XAY619844	CXCR4	CTRPYTTIRQSTGIGPGRASYIAKIGNIKQAYC
XAY619845	CXCR4	CTRPYNNTRQSTHIGPGRAYYTTRIIGDIRQAYC
XAY619848	CXCR4	CSRPYTTIRRSTGIGPGRASYIATIGNIKQAHC
XAY619849	CXCR4	CTRPYTTIRRSTGIGPGRASYIAKITGDIRQARC
XAY619853	CXCR4	CTRPYNNTRQSTHIGPGRAWYTTKIIGDIKQAYC
XAY619854	CXCR4	CTRPFNNTRTSVGVGPGQVFYKTGDIIGDIRRAYC
XAY619855	CXCR4	CTRPFNNTRTSVGIGPGQVFYKTGDIIGDIRRAYC
XAY619856	CXCR4	CTRPYNNTRTSVRIGPGQAFYKTGEIVGDIRRAYC
XAY619857	CXCR4	CTRPFNNTRTSVRIGPGQAFYKTGDIVGDIRRAYC
XAY619858	CXCR4	CTRPYNNTRTSVRIGPGQAFYKTGDIVGDIRRAYC
XAY619859	CXCR4	CTRPYNNTRTSVRIGPGQAFYKTGEIIGDIRRAYC
XAY619862	CXCR4	CTRPFNNTRTSVRIGPGQVFYKTGDITGDIRRAYC
XAY619864	CXCR4	CTRPFKNMRTSVRIGPGRVFHKTGSITGDIRRAYC
XAY619870	CXCR4	CTRPFKKMRTSVRIGPGRVFYKTGSITGDIRRAYC
XAY619872	CXCR4	CTRPYNNTRTSVRIGPGQAFYKAGEIIGDIRRAYC
XAY619881	CXCR4	CTRPFKNIRTSVRIGPGRVFYKTGAITGDIRRAYC
XAY619882	CXCR4	CTRPFNNTRTSVRIGPGQVFYKTGEIIGDIRRAYC
XAY619883	CXCR4	CTRPFKNIRTSARIGPGRVFYKTGSITGDIRRAYC
XAY619884	CXCR4	CTRPFKNIRTSVRIGPGRVFHKTGAITGDIRRAYC
XAY619887	CXCR4	CTRPYNNTRTSVRIGPGQAFYKTGDIIGDIRRAYC
XAY619888	CXCR4	CTRPFKNVRTSVRIGPGRVFYKTGAITGDIRRAYC
XAY619914	CXCR4	CTRPFKNMRTSARIGPGRVFYKTGAILGDIRRAYC
XAY619931	CXCR4	CTRPYYTKRASVRIGLGQAFHRTKEIVGDIRRAHC
XAY669756	CXCR4	CARPYIKIWRRTHIGSGQAYSTKRIQNYTGPAHC
XAY669760	CXCR4	CTRPYNNIRQRTPIGLGQALYTTRRIEDIRRAHC
XAY713407	CXCR4	CTRPNNNISRRRIHIGRGQAFYATGGMTGNIRQAYC
XAY713418	CXCR4	CIRPYNKTKIQRTSIGLGQALYTNDKIIGNIRQAYC
XAY713419	CXCR4	CIRPYNNTRTKMTMGPGHVFYKTENIIGSVKKAHC
XAY713423	CXCR4	CTRPFINTRVSSRIGPGRVFYSTEDIKGVLRKAYC
XAY713424	CXCR4	CTRPYNTKIKVTRGPGRVYYRTGEITGDIRKAYC
XAY736819	CXCR4	CTRPNYNKRKRIHIGPGRAFYTTKNIIGTIRQAHC
XAY842799	CXCR4	CTRPNNNTRKRITAGPGRVLYTTGQIIGDIRRAHC
XAY842826	CXCR4	CARPNNNTRKGIHMGPGRAMYATEKITGDIRQAHC
XAY842833	CXCR4	CARPNNNTRKRIYMGTGRYMSATEKITGDIRQARC
XDQ177196	CXCR4	CTRPYDNLVTKITMGPGRVYYRTENIKQGTKMAYC
XDQ177202	CXCR4	CTRPNNNTRKGIRIGPGRAFIATDKIIGDIRQAHC
XDQ177204	CXCR4	CTRPNNYTRKGIRVGPGRKVYAAEKIIGDIRKAHC
XDQ286957	CXCR4	CQRPNNHTRKRITMSPGRVVYTTGEVIGDIRRAHC
XDQ286958	CXCR4	CTRPDNNIKRRIIHIGPGRAFHATKTGDIRQAYC
XDQ382362	CXCR4	CSRPGNNTRKSVRIGIGRGQTFYATGKVIGDIRQAHC
XDQ382368	CXCR4	CTRPYKSSRRRTHIGTGQAWYTTNIEGDIRKAHC
XDQ382372	CXCR4	CTRPANTRIKRLGIGPGQAFRTVKQIIGDIRQSHC
XDQ382378	CXCR4	CTRPGKGKRTRVRIGPGRTFYATGAVTGDIRKAHC
XDQ825460	CXCR4	CTRPSRITRGRVHIGPGRAFHATSGITGDIRQAYC
XDQ825462	CXCR4	CTRPNNNTRKGVRIGPGQTFYATGDIIGNIRQAHC
XDQ869028	CXCR4	CTRPGNSTRRGILVGTRRFYTTRNIIGDIRKAHC
XDQ904342	CXCR4	CTRPGNKTIRSIRLGPGQAFYTNKGDIRQASC
XDQ904343	CXCR4	CTRPGNKTIRSIRIGPGRTFYTNKGDIRQAYC
XDQ990880	CXCR4	CTRPNNNTRKRITMGPGRVLYTTGQIVGDIRKAHC
XEF688433	CXCR4	CIRPNNNTRRSIHIGPGRAFYATGRVIGDVRRAYC
XEF688436	CXCR4	CTRPHNKAIRHIHIGQGRAFTTGSIEGNIRQAHC
XEF688451	CXCR4	CTRPNNKKIEGIRIGPGSAYFTRQIKEHMRQTHC
XEU074772	CXCR4	CIRPNNNTRKSISFGPGQAFYATGDIIGDIRQAYC
XEU074775	CXCR4	CIRPNNNTRESISFGPGQAFYATGDIIGDIRQAYC
XEU074777	CXCR4	CTRPNNNTRKRVTMGPGKVWYATGEIIGDIKKAYC
XEU578394	CXCR4	CTRPNNNTIKTIRMGIRRAFYTKEIIGDIRQAHC
XEU604549	CXCR4	CTRPSNHTRKRVTLGPSRVYYTTGEITGDIRRAHC
XEU604561	CXCR4	CTRPNNHTRKRVTLGPSRVYYTTGEITGDIRRAHC
XEU743760	CXCR4	CTRPFNKQRTRTAIGQGQAFYRTEVITGDIRKAYC
XEU743775	CXCR4	CTRPSGNRRTRITMGPGRVFYRTGEIVGDIRKAHC
XEU743779	CXCR4	CTRPYDTKIRMTRGPGKVFYHTGDIIGDIRKAFC
XEU743780	CXCR4	CTRPYETKIRMTRGPGKVFYHTGDIIGDIRKAFC
XEU743782	CXCR4	CTRPFKNVRTSLRIGPGRVFYRTGGITGDIRKAYC
XEU743794	CXCR4	CTRPYESIRIRTSIGQGQVLDRTENIKGDIRKAYC
XFJ376006	CXCR4	CRRPGNATRKSVRIGIGRGHTFYATGKIIGDIRKAYC
XFJ541290	CXCR4	CTRPNNNTRKSVRIGIGRGQTFYATGEIVGDIRQAHC
XFJ541294	CXCR4	CTRPNNNTRKRVRIGHRHLVYAHGEIIGNIRQAHC
XFJ541295	CXCR4	CGRPNNHRIKGLRIGPGRAFFAMGAIRGGEIRQAHC
XFJ653146	CXCR4	CKRPNNNARRHIHIGPGRAFYATDIIGNIRQAYC
XFJ653149	CXCR4	CKRPNNNARRRIHIGPGRAFYATDIIGNIRQAYC
XFJ653150	CXCR4	CKRPNNNMRRHIHIGPGRAFYTTDIIGNIRRAYC
XFJ653151	CXCR4	CKRPNNNMRRHIHIGPGRAFYTTDIIGNMRRAYC
XFJ653156	CXCR4	CKRPNNNMRRHIHIGPGRAFYATDIIGNIRQAYC
XFJ798323	CXCR4	CTRPNNNTRKGIHIGLGRRFYVTQIIGDVKRAHC
XFJ798326	CXCR4	CTRPNNNTRKGIHIGLGRRFYVTQVIGDVKRAHC
XFJ798328	CXCR4	CTRPNNNTRKGIHIGLGRRVYVTRQIIGDTKRAHC
XFJ798399	CXCR4	CIRPGNNTSKRISIGPGRAFRATKIIGDIRKAHC
XFJ798401	CXCR4	CIRPGNNTSKRISIGPGRAFRATKVIGDIRKAHC
XFJ798402	CXCR4	CIRPGNNTSKRVSIGPGRAFRATKVIGDIRKAHC
XFJ798416	CXCR4	CTRPNNNTRQRISIGPGRAFYTTRQVIGDIRQAHC
XFJ798418	CXCR4	CTRPNNNTRQRISIGPGRAFYTTRQVVGDIRQAHC
XFJ798425	CXCR4	CTRPNNNTRKRISIGPGRAFYTTRQVIGDIRQAHC
XFJ798429	CXCR4	CTRPNNNTRNRISIGPGRAFYTTRQVIGDIRQAHC
XFJ798430	CXCR4	CTRPSNNTRRRISIGPGRAFYTTRQVIGDIRQAHC
XFJ798457	CXCR4	CTRPNNNTRRGVYIGPGKAFYTTDRIIGDIRQAHC
XFJ798527	CXCR4	CTRPNNNTRRRISIGPGRAFTTRDIIGDIRQAHC
XFJ798528	CXCR4	CTRPNNNTRRRLSIGPGRAFYATRDIIGDIRQAHC
XFJ798540	CXCR4	CTRPNNNTRGRLSIGPGRAFYATRDIIGDIRRAHC
XFJ798547	CXCR4	CTRPNNNTRKRITMGPGRVYYTTGQIIGNIRQAHC
XFJ798554	CXCR4	CTRPNNNTMKSITIGPGRAFYTTGQIIGDIRQAHC
XFJ831905	CXCR4	CSRPDNNTRKSVRIGPGQAFYTMDIIGDIRKAFC
XFJ846628	CXCR4	CTRPDNKINMKRIKIGPGRAFVATKGIRGDIRQAHC
XFJ846629	CXCR4	CTRPDNKISMKRIKIGPGRAFVATKGIKGDIRQAYC
XFJ846630	CXCR4	CTRPDNKINMKRIKIGPGRAFVATKGIKGDIRQAYC
XFJ846633	CXCR4	CTRPNNNTRKSMRIGIGRGQTFYAMGRIIGDIRQAHC
XFJ846652	CXCR4	CTRPNNNTRKSMRIGIGRGHAFYTTGKVIGNIRQAHC
XFJ846655	CXCR4	CTRPNNNTRKNVRIGIGRGQTFNAMGRIIGNIRQAHC
XGU177863	CXCR4	CTRPNNNTRKRVSIGPGRAWYTTKQIVGDIRQAHC
XGU475018	CXCR4	CTRPSNRTRTRMTMGLGHVFYKTEIITGDIRKAYC
XGU475038	CXCR4	CTRPFKTEIRITRGPGRVFYRTGNIVGDPRKAYC
XHF571998	CXCR4	CIRPYYYNKRQRTPIGQGQALYTMGTRGSVGRPHC
XHM215420	CXCR4	CTRPNNNTRKRVTLGPGRVWYTTGQIIGDIRKAHC
XHQ678267	CXCR4	CTRPNTKTRKRIHIGPGRAFYTTKTVRDIRQAHC
XHQ699949	CXCR4	CIRPNNNTRKSIPLGPGKAWYTTGEIIGDIRKAHC
XHQ699974	CXCR4	CTRPNNNTRKRIGIGPGRTLYAARAIIGDIRQAHC
XHQ699986	CXCR4	CTRPSNHQRKRITMGPGRVYYSTGEITGDIRKAYC
XJF804805	CXCR4	CTRPNTNTRKIPIGPGRAFYTIGSITRDIRQAHC
XJF804806	CXCR4	CTRPGNNTIKSIKVGSGRIIYAKGRIIGDIRKAQC
XJF804807	CXCR4	CTRPDNTRKRIHLGRGRVFYATGGIKGDIRYAHC
XJF804813	CXCR4	CTRPNNYTRKGIHLGGVGRAFYVKGQIIGDIRQAHC
XJN001990	CXCR4	CTRPNNNTKKGIYVGPGRKVYTTDRIIGDIRQAHC
XJN001991	CXCR4	CTRPNNNTKRGIYVGPGRKVYTTDRIIGDIRQAHC
XJN001995	CXCR4	CTRPNNNTKRGIYVGPGRKVYTTDRIIGNIRQAHC
XJX508861	CXCR4	CIRPNNNIRKGVRIGPGYAVFQARTIIGDIRQAHC
XJX535770	CXCR4	CTRPSNNKRTRITMGPGRVFYRTGAIIGDIRKARC
XJX535787	CXCR4	CTRPINVEIGVTRGPGRVYYKTGKITGDIRKAYC
XJX535792	CXCR4	CTRPANKTRMRMTIGPGKVYYRTEDITGDIRKAYC
XK03454	CXCR4	CARPYQNTRQRTPIGLGQSLYTTRSRSIIGQAHC
XKF384799	CXCR4	CTRHNNNKKIQRIHIGPGRAFVATKGITGDIRQAHC
XKF384800	CXCR4	CTRPYRVITKRIMHIGPGRTFHTTGTIGNIRHAYC
XKF384801	CXCR4	CTRPNNNIRKRIIHIGPGRPFYATGDIGNIRRAQC
XKF384802	CXCR4	CTRPNYSTRKSIHIGPGRAFYTTKQIRGNIIQAHC
XKF384805	CXCR4	CTRPSNNTRKGIHIGPGRAFFATGDIIGDIRRAHC
XKF384806	CXCR4	CTRPGKKLSRIIHIGPGRAFYASDGRDIRQAYC
XKF766540	CXCR4	CTRPYNNTRKSIGIGPGQAFYATGDIIGDIRQAHC
XKF770412	CXCR4	CTRPNINNVRNVRIGPGRALFKTGKMTGDIRQASC
XKF770419	CXCR4	CTRPSNNTRRRVRIGRGQAFDATGQIIGDIRQAHC
XKF770430	CXCR4	CTRPGNNTGRSVRIGLRTFYTTRKIIGDIRAAHC
XKP693379	CXCR4	CTRPTNYTSKMIRIQRGPGRAYVRTRPSGDIRQAYC
XKP693380	CXCR4	CTRPTNYTSKMIRIQRGPGRAFVRTKPSGDIRQAYC
XL22956	CXCR4	CARPGNNTRKSIRIGPGQTFFATGAIIGDIRQAHC
XL31963	CXCR4	CTRPNNNTRKKFRIQRGPGRAFVTIGKIGNMRQAHC
XM14100	CXCR4	CTRPNNNTRKKIRIQRGPGRAFVTIGKIGNMRQAHC
XU04904	CXCR4	CTRPNNNTRRSVHSGHIGGGRTLFTTHIVGDIRKAHC
XU08193	CXCR4	CTRPYSKERLKTSIGQGQALYTTRVKVTGDIRQAHC
XU08667	CXCR4	CTRPNNNISRRRIHIGGGQAFYATGGMTGNIRQAYC
XU08723	CXCR4	CTRPYDKVSYRTPIGVGRASYTTRIKGDIRQAHC
XU08734	CXCR4	CARPFYAIERQRTPIGQGQVLYTTKKIGRIGQAHC
XU08738	CXCR4	CTRPYEKIKRRGTPIGLGQAYLTTQITGYIRQAHC
XU08739	CXCR4	CTRPYRNIRQRTHIGTGQAYYTKGIKGVAGQPHC
XU08806	CXCR4	CARPFYAIERQKTPIGQGQVLYTTKKIGRIGQAHC
XU25553	CXCR4	CTRPFYTRISMTRGPGYVFYRTGKIVGDPRKAYC
XU25572	CXCR4	CTRPSNKKRQRVTIGPGRVYYSTGDIMGDIRKAHC
XU25574	CXCR4	CTRPFYNKRTRTSIGQGQVLYRTGDITGNIGKPYC
XU25575	CXCR4	CTRPFYNKRTRTSIGQGRVLYRTGDITGNIGKPYC
XU27404	CXCR4	CARPNNNTRKSIHIGPGQAFYTTGEIIGDIRKAHC
XU27408	CXCR4	CTRPNNNTRKSIHIGPGQAFYTTGEIIGDIRKAHC
XU48207	CXCR4	CTRPNNNTRRSIPIGPGRAFYATGDIIGDIRQAHC
XU72495	CXCR4	CIRPNNNTRRSIHIGPGRAFYGTDIIGDIRQAHC
